igo Postal,Ciudad,Región Administrativa
10101,Cuenca (Ecuador),Provincia de Azuay
10102,Cuenca (Ecuador),Provincia de Azuay
10103,Cuenca (Ecuador),Provincia de Azuay
10104,Cuenca (Ecuador),Provincia de Azuay
10105,Cuenca (Ecuador),Provincia de Azuay
10106,Cuenca (Ecuador),Provincia de Azuay
10107,Cuenca (Ecuador),Provincia de Azuay
10108,Cuenca (Ecuador),Provincia de Azuay
10109,Cuenca (Ecuador),Provincia de Azuay
10110,Cuenca (Ecuador),Provincia de Azuay
10111,Cuenca (Ecuador),Provincia de Azuay
10112,Cuenca (Ecuador),Provincia de Azuay
10113,Cuenca (Ecuador),Provincia de Azuay
10114,Cuenca (Ecuador),Provincia de Azuay
10115,Cuenca (Ecuador),Provincia de Azuay
10116,Cuenca (Ecuador),Provincia de Azuay
10150,Cuenca (Ecuador),Provincia de Azuay
10151,Baños (parroquia de Cuenca),Provincia de Azuay
10152,Cumbe,Provincia de Azuay
10153,Chaucha (parroquia de Cuenca),Provincia de Azuay
10154,Checa,Provincia de Azuay
10155,Chiquintad (parroquia de Cuenca),Provincia de Azuay
10156,Cuenca (Ecuador),Provincia de Azuay
10157,Molleturo (parroquia de Cuenca),Provincia de Azuay
10158,Nulti,Provincia de Azuay
10159,Octavio Cordero,Provincia de Azuay
10160,Paccha,Provincia de Azuay
10161,Quingeo (parroquia de Cuenca),Provincia de Azuay
10162,Ricaurte,Provincia de Azuay
10163,Cuenca (Ecuador),Provincia de Azuay
10164,Cuenca (Ecuador),Provincia de Azuay
10165,Sayausí,Provincia de Azuay
10166,Sidcay,Provincia de Azuay
10167,Sinincay,Provincia de Azuay
10168,Cuenca (Ecuador),Provincia de Azuay
10169,Turi,Provincia de Azuay
10170,Valle,Provincia de Azuay
10171,Victoria,Provincia de Azuay
10201,Cuenca (Ecuador),Provincia de Azuay
10202,Cuenca (Ecuador),Provincia de Azuay
10203,Cuenca (Ecuador),Provincia de Azuay
10204,Cuenca (Ecuador),Provincia de Azuay
10205,Cuenca (Ecuador),Provincia de Azuay
10206,Cuenca (Ecuador),Provincia de Azuay
10207,Cuenca (Ecuador),Provincia de Azuay
10208,Cuenca (Ecuador),Provincia de Azuay
10209,Cuenca (Ecuador),Provincia de Azuay
10210,Cuenca (Ecuador),Provincia de Azuay
10211,Cuenca (Ecuador),Provincia de Azuay
10212,Cuenca (Ecuador),Provincia de Azuay
10213,Cuenca (Ecuador),Provincia de Azuay
10214,Cuenca (Ecuador),Provincia de Azuay
10215,Cuenca (Ecuador),Provincia de Azuay
10216,Cuenca (Ecuador),Provincia de Azuay
10217,Cuenca (Ecuador),Provincia de Azuay
10218,Cuenca (Ecuador),Provincia de Azuay
10219,Cuenca (Ecuador),Provincia de Azuay
10220,Cuenca (Ecuador),Provincia de Azuay
10221,Cuenca (Ecuador),Provincia de Azuay
10222,Chaucha (parroquia de Cuenca),Provincia de Azuay
10223,—,Provincia de Azuay
10250,Girón,Provincia de Azuay
10251,—,Provincia de Azuay
10252,—,Provincia de Azuay
10301,—,Provincia de Azuay
10302,Cantón San Fernando,Provincia de Azuay
10303,Girón,Provincia de Azuay
10304,—,Provincia de Azuay
10305,—,Provincia de Azuay
10306,—,Provincia de Azuay
10350,Cantón Gualaceo,Provincia de Azuay
10351,Chordeleg,Provincia de Azuay
10352,Cantón Gualaceo,Provincia de Azuay
10353,Cantón Gualaceo,Provincia de Azuay
10354,Cantón Gualaceo,Provincia de Azuay
10355,Cantón Gualaceo,Provincia de Azuay
10356,Cantón Gualaceo,Provincia de Azuay
10357,Cantón Gualaceo,Provincia de Azuay
10358,Cantón Gualaceo,Provincia de Azuay
10359,Cantón Gualaceo,Provincia de Azuay
10401,—,Provincia de Azuay
10402,—,Provincia de Azuay
10403,—,Provincia de Azuay
10404,—,Provincia de Azuay
10405,Zhondeleg,Provincia de Azuay
10406,Nulti,Provincia de Azuay
10407,—,Provincia de Azuay
10450,Cantón Nabón,Provincia de Azuay
10451,—,Provincia de Azuay
10452,—,Provincia de Azuay
10453,—,Provincia de Azuay
10454,Cantón Oña,Provincia de Azuay
10501,Cantón Oña,Provincia de Azuay
10502,—,Provincia de Azuay
10503,—,Provincia de Azuay
10504,Cantón Nabón,Provincia de Azuay
10550,Cantón Paute,Provincia de Azuay
10551,Cantón Paute,Provincia de Azuay
10552,Cantón Paute,Provincia de Azuay
10553,Cantón Paute,Provincia de Azuay
10554,Cantón Paute,Provincia de Azuay
10555,Cantón Guachapala,Provincia de Azuay
10556,Cantón Paute,Provincia de Azuay
10557,Cantón Paute,Provincia de Azuay
10558,Cantón Paute,Provincia de Azuay
10559,Cantón Paute,Provincia de Azuay
10560,Cantón Paute,Provincia de Azuay
10561,Cantón Paute,Provincia de Azuay
10562,Cantón Paute,Provincia de Azuay
10601,Cantón Guachapala,Provincia de Azuay
10602,—,Provincia de Azuay
10603,—,Provincia de Azuay
10604,—,Provincia de Azuay
10605,—,Provincia de Azuay
10606,La Unión,Provincia de Azuay
10650,—,Provincia de Azuay
10651,Camilo Ponce Enríquez,Provincia de Azuay
10652,—,Provincia de Azuay
10701,—,Provincia de Azuay
10702,—,Provincia de Azuay
10703,—,Provincia de Azuay
10750,Cantón San Fernando,Provincia de Azuay
10751,Cantón San Fernando,Provincia de Azuay
10801,—,Provincia de Azuay
10802,—,Provincia de Azuay
10803,Cantón Sígsig,Provincia de Azuay
10850,Cantón Santa Isabel,Provincia de Azuay
10852,Valle,Provincia de Azuay
10853,Cantón Santa Isabel,Provincia de Azuay
10950,Cantón Sígsig,Provincia de Azuay
10951,Cantón Sígsig,Provincia de Azuay
10952,Cantón Sígsig,Provincia de Azuay
10953,Cantón Sígsig,Provincia de Azuay
10954,Cantón Sígsig,Provincia de Azuay
10955,Cantón Sígsig,Provincia de Azuay
10956,Cantón Sígsig,Provincia de Azuay
11050,—,Provincia de Azuay
11051,—,Provincia de Azuay
11150,Chordeleg,Provincia de Azuay
11151,Chordeleg,Provincia de Azuay
11153,Chordeleg,Provincia de Azuay
11154,Chordeleg,Provincia de Azuay
11250,—,Provincia de Azuay
11251,—,Provincia de Azuay
11252,—,Provincia de Azuay
11253,Llacao,Provincia de Azuay
11350,—,Provincia de Azuay
11351,—,Provincia de Azuay
11352,—,Provincia de Azuay
11450,Cantón Guachapala,Provincia de Azuay
11550,Camilo Ponce Enríquez,Provincia de Azuay
11551,—,Provincia de Azuay
20101,Guaranda,Provincia de Bolívar (Ecuador)
20102,—,Provincia de Bolívar (Ecuador)
20103,Guaranda,Provincia de Bolívar (Ecuador)
20104,Guaranda,Provincia de Bolívar (Ecuador)
20105,—,Provincia de Bolívar (Ecuador)
20106,—,Provincia de Bolívar (Ecuador)
20107,—,Provincia de Bolívar (Ecuador)
20108,—,Provincia de Bolívar (Ecuador)
20109,—,Provincia de Bolívar (Ecuador)
20110,—,Provincia de Bolívar (Ecuador)
20150,Guaranda,Provincia de Bolívar (Ecuador)
20151,—,Provincia de Bolívar (Ecuador)
20152,Guaranda,Provincia de Bolívar (Ecuador)
20153,Guaranda,Provincia de Bolívar (Ecuador)
20154,Las Naves,Provincia de Bolívar (Ecuador)
20155,Guaranda,Provincia de Bolívar (Ecuador)
20156,Guaranda,Provincia de Bolívar (Ecuador)
20157,Guaranda,Provincia de Bolívar (Ecuador)
20159,Guaranda,Provincia de Bolívar (Ecuador)
20160,—,Provincia de Bolívar (Ecuador)
20201,—,Provincia de Bolívar (Ecuador)
20202,—,Provincia de Bolívar (Ecuador)
20250,Chillanes,Provincia de Bolívar (Ecuador)
20251,Chillanes,Provincia de Bolívar (Ecuador)
20301,—,Provincia de Bolívar (Ecuador)
20302,San Miguel,Provincia de Bolívar (Ecuador)
20303,—,Provincia de Bolívar (Ecuador)
20304,—,Provincia de Bolívar (Ecuador)
20305,—,Provincia de Bolívar (Ecuador)
20306,—,Provincia de Bolívar (Ecuador)
20307,—,Provincia de Bolívar (Ecuador)
20308,—,Provincia de Bolívar (Ecuador)
20350,San Miguel,Provincia de Bolívar (Ecuador)
20351,San Miguel,Provincia de Bolívar (Ecuador)
20353,—,Provincia de Bolívar (Ecuador)
20354,San Miguel,Provincia de Bolívar (Ecuador)
20355,—,Provincia de Bolívar (Ecuador)
20401,—,Provincia de Bolívar (Ecuador)
20402,Las Naves,Provincia de Bolívar (Ecuador)
20403,—,Provincia de Bolívar (Ecuador)
20450,—,Provincia de Bolívar (Ecuador)
20550,San Miguel,Provincia de Bolívar (Ecuador)
20551,San Miguel,Provincia de Bolívar (Ecuador)
20552,San Miguel,Provincia de Bolívar (Ecuador)
20553,San Miguel,Provincia de Bolívar (Ecuador)
20554,San Miguel,Provincia de Bolívar (Ecuador)
20556,San Miguel,Provincia de Bolívar (Ecuador)
20701,Las Naves,Provincia de Bolívar (Ecuador)
20702,Las Naves,Provincia de Bolívar (Ecuador)
180702,Guaranda,Provincia de Bolívar (Ecuador)
241701,—,Provincia de Bolívar (Ecuador)
241752,—,Provincia de Bolívar (Ecuador)
241753,—,Provincia de Bolívar (Ecuador)
241756,—,Provincia de Bolívar (Ecuador)
30101,Azogues,Cantón Cañar
30102,Azogues,Cantón Cañar
30103,Azogues,Cantón Cañar
30104,—,Cantón Cañar
30105,Cantón Déleg,Cantón Cañar
30106,—,Cantón Cañar
30107,—,Cantón Cañar
30108,—,Cantón Cañar
30109,Cantón Déleg,Cantón Cañar
30110,—,Cantón Cañar
30111,—,Cantón Cañar
30112,—,Cantón Cañar
30151,Azogues,Cantón Cañar
30152,Cantón Déleg,Cantón Cañar
30153,Azogues,Cantón Cañar
30154,Azogues,Cantón Cañar
30155,Azogues,Cantón Cañar
30156,Azogues,Cantón Cañar
30157,Azogues,Cantón Cañar
30158,—,Cantón Cañar
30159,Azogues,Cantón Cañar
30160,Azogues,Cantón Cañar
30201,—,Cantón Cañar
30202,Cantón El Tambo,Cantón Cañar
30203,Ingapirca,Cantón Cañar
30204,Cañar,Cantón Cañar
30205,—,Cantón Cañar
30206,Cantón Suscal,Cantón Cañar
30207,—,Cantón Cañar
30208,—,Cantón Cañar
30250,—,Cantón Cañar
30251,—,Cantón Cañar
30252,Azogues,Cantón Cañar
30253,Cantón Déleg,Cantón Cañar
30254,—,Cantón Cañar
30301,La Troncal,Cantón Cañar
30302,La Troncal,Cantón Cañar
30303,—,Cantón Cañar
30304,—,Cantón Cañar
30350,Cañar,Cantón Cañar
30351,Cañar,Cantón Cañar
30352,Cañar,Cantón Cañar
30353,Cañar,Cantón Cañar
30354,Cañar,Cantón Cañar
30355,Cañar,Cantón Cañar
30356,Cañar,Cantón Cañar
30357,Cañar,Cantón Cañar
30358,Cañar,Cantón Cañar
30359,Cantón Suscal,Cantón Cañar
30360,Cantón El Tambo,Cantón Cañar
30361,Cañar,Cantón Cañar
30362,—,Cantón Cañar
30363,Cañar,Cantón Cañar
30450,La Troncal,Cantón Cañar
30451,La Troncal,Cantón Cañar
30452,La Troncal,Cantón Cañar
30550,Cantón El Tambo,Cantón Cañar
30650,Cantón Déleg,Cantón Cañar
30651,—,Cantón Cañar
30750,Cantón Suscal,Cantón Cañar
90653,—,Cantón Cañar
900001,—,Cantón Cañar
40101,Tulcán,Provincia de Carchi
40102,—,Provincia de Carchi
40103,Tulcán,Provincia de Carchi
40104,Tulcán,Provincia de Carchi
40105,—,Provincia de Carchi
40106,—,Provincia de Carchi
40107,—,Provincia de Carchi
40108,—,Provincia de Carchi
40109,—,Provincia de Carchi
40110,—,Provincia de Carchi
40151,Tulcán,Provincia de Carchi
40152,Tulcán,Provincia de Carchi
40153,Tulcán,Provincia de Carchi
40154,—,Provincia de Carchi
40155,Tulcán,Provincia de Carchi
40157,Tulcán,Provincia de Carchi
40158,Tulcán,Provincia de Carchi
40159,—,Provincia de Carchi
40161,Tulcán,Provincia de Carchi
40201,—,Provincia de Carchi
40202,—,Provincia de Carchi
40203,—,Provincia de Carchi
40204,—,Provincia de Carchi
40206,—,Provincia de Carchi
40207,San Gabriel (Ecuador),Provincia de Carchi
40208,—,Provincia de Carchi
40209,—,Provincia de Carchi
40252,—,Provincia de Carchi
40253,—,Provincia de Carchi
40255,—,Provincia de Carchi
40301,—,Provincia de Carchi
40302,Cantón Mira,Provincia de Carchi
40303,—,Provincia de Carchi
40304,—,Provincia de Carchi
40305,—,Provincia de Carchi
40351,—,Provincia de Carchi
40353,El Ángel,Provincia de Carchi
40450,Cantón Mira,Provincia de Carchi
40502,—,Provincia de Carchi
40550,San Gabriel (Ecuador),Provincia de Carchi
40551,San Gabriel (Ecuador),Provincia de Carchi
40552,—,Provincia de Carchi
40553,—,Provincia de Carchi
40650,—,Provincia de Carchi
210551,—,Provincia de Carchi
50101,Latacunga,Provincia de Cotopaxi
50102,Latacunga,Provincia de Cotopaxi
50103,Latacunga,Provincia de Cotopaxi
50104,—,Provincia de Cotopaxi
50105,—,Provincia de Cotopaxi
50106,Latacunga,Provincia de Cotopaxi
50107,Latacunga,Provincia de Cotopaxi
50108,Latacunga,Provincia de Cotopaxi
50109,Saquisilí,Provincia de Cotopaxi
50110,—,Provincia de Cotopaxi
50111,—,Provincia de Cotopaxi
50112,—,Provincia de Cotopaxi
50113,—,Provincia de Cotopaxi
50114,—,Provincia de Cotopaxi
50115,—,Provincia de Cotopaxi
50150,Latacunga,Provincia de Cotopaxi
50151,Latacunga,Provincia de Cotopaxi
50152,Latacunga,Provincia de Cotopaxi
50153,Latacunga,Provincia de Cotopaxi
50154,Latacunga,Provincia de Cotopaxi
50155,—,Provincia de Cotopaxi
50156,Latacunga,Provincia de Cotopaxi
50157,Latacunga,Provincia de Cotopaxi
50158,Latacunga,Provincia de Cotopaxi
50159,Latacunga,Provincia de Cotopaxi
50160,Sigchos,Provincia de Cotopaxi
50161,Latacunga,Provincia de Cotopaxi
50162,Latacunga,Provincia de Cotopaxi
50163,—,Provincia de Cotopaxi
50201,La Maná,Provincia de Cotopaxi
50202,La Maná,Provincia de Cotopaxi
50203,—,Provincia de Cotopaxi
50204,—,Provincia de Cotopaxi
50251,La Maná,Provincia de Cotopaxi
50252,La Maná,Provincia de Cotopaxi
50301,—,Provincia de Cotopaxi
50302,—,Provincia de Cotopaxi
50303,—,Provincia de Cotopaxi
50304,—,Provincia de Cotopaxi
50350,El Corazón,Provincia de Cotopaxi
50351,—,Provincia de Cotopaxi
50352,—,Provincia de Cotopaxi
50353,El Corazón,Provincia de Cotopaxi
50401,Pujilí,Provincia de Cotopaxi
50402,—,Provincia de Cotopaxi
50403,—,Provincia de Cotopaxi
50404,—,Provincia de Cotopaxi
50405,Zumbagua,Provincia de Cotopaxi
50406,—,Provincia de Cotopaxi
50407,—,Provincia de Cotopaxi
50408,—,Provincia de Cotopaxi
50409,Saquisilí,Provincia de Cotopaxi
50410,—,Provincia de Cotopaxi
50411,—,Provincia de Cotopaxi
50412,—,Provincia de Cotopaxi
50450,Pujilí,Provincia de Cotopaxi
50451,Pujilí,Provincia de Cotopaxi
50452,Pujilí,Provincia de Cotopaxi
50453,Pujilí,Provincia de Cotopaxi
50454,Pujilí,Provincia de Cotopaxi
50456,Pujilí,Provincia de Cotopaxi
50457,Pujilí,Provincia de Cotopaxi
50458,Zumbagua,Provincia de Cotopaxi
50501,—,Provincia de Cotopaxi
50502,—,Provincia de Cotopaxi
50503,—,Provincia de Cotopaxi
50504,—,Provincia de Cotopaxi
50551,—,Provincia de Cotopaxi
50552,—,Provincia de Cotopaxi
50553,—,Provincia de Cotopaxi
50554,Salcedo (Ecuador),Provincia de Cotopaxi
50555,Salcedo (Ecuador),Provincia de Cotopaxi
50601,Salcedo (Ecuador),Provincia de Cotopaxi
50602,—,Provincia de Cotopaxi
50603,—,Provincia de Cotopaxi
50604,—,Provincia de Cotopaxi
50605,—,Provincia de Cotopaxi
50650,Saquisilí,Provincia de Cotopaxi
50651,Saquisilí,Provincia de Cotopaxi
50652,Saquisilí,Provincia de Cotopaxi
50653,Saquisilí,Provincia de Cotopaxi
50750,Sigchos,Provincia de Cotopaxi
50751,Sigchos,Provincia de Cotopaxi
50752,Sigchos,Provincia de Cotopaxi
50753,Sigchos,Provincia de Cotopaxi
50754,Sigchos,Provincia de Cotopaxi
60101,Riobamba,Provincia de Chimborazo
60102,Riobamba,Provincia de Chimborazo
60103,Riobamba,Provincia de Chimborazo
60104,Riobamba,Provincia de Chimborazo
60105,Riobamba,Provincia de Chimborazo
60106,Riobamba,Provincia de Chimborazo
60107,Riobamba,Provincia de Chimborazo
60108,Riobamba,Provincia de Chimborazo
60109,Riobamba,Provincia de Chimborazo
60110,Riobamba,Provincia de Chimborazo
60111,Riobamba,Provincia de Chimborazo
60112,Riobamba,Provincia de Chimborazo
60113,—,Provincia de Chimborazo
60114,—,Provincia de Chimborazo
60115,—,Provincia de Chimborazo
60116,—,Provincia de Chimborazo
60117,—,Provincia de Chimborazo
60118,—,Provincia de Chimborazo
60119,—,Provincia de Chimborazo
60120,—,Provincia de Chimborazo
60121,—,Provincia de Chimborazo
60150,Riobamba,Provincia de Chimborazo
60151,Riobamba,Provincia de Chimborazo
60152,Riobamba,Provincia de Chimborazo
60153,Riobamba,Provincia de Chimborazo
60154,Riobamba,Provincia de Chimborazo
60155,Riobamba,Provincia de Chimborazo
60156,Riobamba,Provincia de Chimborazo
60157,Riobamba,Provincia de Chimborazo
60158,Riobamba,Provincia de Chimborazo
60159,Riobamba,Provincia de Chimborazo
60160,Riobamba,Provincia de Chimborazo
60161,Riobamba,Provincia de Chimborazo
60201,—,Provincia de Chimborazo
60202,Alausí,Provincia de Chimborazo
60203,Achupallas,Provincia de Chimborazo
60204,—,Provincia de Chimborazo
60205,—,Provincia de Chimborazo
60206,—,Provincia de Chimborazo
60207,—,Provincia de Chimborazo
60250,Alausí,Provincia de Chimborazo
60251,Achupallas,Provincia de Chimborazo
60252,Alausí,Provincia de Chimborazo
60253,Alausí,Provincia de Chimborazo
60254,Alausí,Provincia de Chimborazo
60255,Alausí,Provincia de Chimborazo
60256,Alausí,Provincia de Chimborazo
60257,Alausí,Provincia de Chimborazo
60258,Alausí,Provincia de Chimborazo
60259,Sibambe,Provincia de Chimborazo
60260,Alausí,Provincia de Chimborazo
60301,—,Provincia de Chimborazo
60302,Pallatanga,Provincia de Chimborazo
60351,—,Provincia de Chimborazo
60352,—,Provincia de Chimborazo
60353,—,Provincia de Chimborazo
60354,—,Provincia de Chimborazo
60401,Guamote,Provincia de Chimborazo
60402,—,Provincia de Chimborazo
60403,—,Provincia de Chimborazo
60404,—,Provincia de Chimborazo
60405,—,Provincia de Chimborazo
60406,—,Provincia de Chimborazo
60407,—,Provincia de Chimborazo
60408,—,Provincia de Chimborazo
60409,—,Provincia de Chimborazo
60410,Cantón Colta,Provincia de Chimborazo
60450,Chambo,Provincia de Chimborazo
60501,Guano,Provincia de Chimborazo
60502,—,Provincia de Chimborazo
60503,—,Provincia de Chimborazo
60504,—,Provincia de Chimborazo
60550,Chunchi,Provincia de Chimborazo
60551,Chunchi,Provincia de Chimborazo
60552,Chunchi,Provincia de Chimborazo
60553,Chunchi,Provincia de Chimborazo
60554,Chunchi,Provincia de Chimborazo
60650,Guamote,Provincia de Chimborazo
60651,Guamote,Provincia de Chimborazo
60652,Guamote,Provincia de Chimborazo
60701,Guano,Provincia de Chimborazo
60702,Guano,Provincia de Chimborazo
60750,Guano,Provincia de Chimborazo
60751,Guano,Provincia de Chimborazo
60752,Guano,Provincia de Chimborazo
60753,Guano,Provincia de Chimborazo
60754,Guano,Provincia de Chimborazo
60755,Guano,Provincia de Chimborazo
60756,Guano,Provincia de Chimborazo
60757,Guano,Provincia de Chimborazo
60758,Guano,Provincia de Chimborazo
60759,Guano,Provincia de Chimborazo
60850,Pallatanga,Provincia de Chimborazo
60950,Cantón Penipe,Provincia de Chimborazo
60951,Cantón Penipe,Provincia de Chimborazo
60952,Cantón Penipe,Provincia de Chimborazo
60953,Cantón Penipe,Provincia de Chimborazo
60954,Cantón Penipe,Provincia de Chimborazo
60955,Cantón Penipe,Provincia de Chimborazo
60956,Cantón Penipe,Provincia de Chimborazo
70101,Pasaje,Provincia de El Oro
70102,Pasaje,Provincia de El Oro
70103,Pasaje,Provincia de El Oro
70104,Pasaje,Provincia de El Oro
70105,Pasaje,Provincia de El Oro
70106,—,Provincia de El Oro
70107,—,Provincia de El Oro
70108,—,Provincia de El Oro
70109,—,Provincia de El Oro
70110,Pasaje,Provincia de El Oro
70111,—,Provincia de El Oro
70112,—,Provincia de El Oro
70113,—,Provincia de El Oro
70114,—,Provincia de El Oro
70115,—,Provincia de El Oro
70116,—,Provincia de El Oro
70117,—,Provincia de El Oro
70150,Machala,Provincia de El Oro
70151,—,Provincia de El Oro
70152,Machala,Provincia de El Oro
70201,—,Provincia de El Oro
70202,—,Provincia de El Oro
70203,Machala,Provincia de El Oro
70204,Machala,Provincia de El Oro
70205,—,Provincia de El Oro
70206,—,Provincia de El Oro
70207,—,Provincia de El Oro
70208,—,Provincia de El Oro
70209,—,Provincia de El Oro
70210,—,Provincia de El Oro
70211,Machala,Provincia de El Oro
70212,Machala,Provincia de El Oro
70213,Machala,Provincia de El Oro
70214,—,Provincia de El Oro
70215,—,Provincia de El Oro
70216,—,Provincia de El Oro
70217,Machala,Provincia de El Oro
70218,Machala,Provincia de El Oro
70219,Machala,Provincia de El Oro
70220,—,Provincia de El Oro
70221,—,Provincia de El Oro
70222,—,Provincia de El Oro
70223,—,Provincia de El Oro
70224,—,Provincia de El Oro
70250,Cantón Arenillas,Provincia de El Oro
70251,Cantón Arenillas,Provincia de El Oro
70253,Cantón Arenillas,Provincia de El Oro
70254,Cantón Arenillas,Provincia de El Oro
70255,Cantón Arenillas,Provincia de El Oro
70301,—,Provincia de El Oro
70302,—,Provincia de El Oro
70303,—,Provincia de El Oro
70304,—,Provincia de El Oro
70305,—,Provincia de El Oro
70306,—,Provincia de El Oro
70307,—,Provincia de El Oro
70308,—,Provincia de El Oro
70309,—,Provincia de El Oro
70350,—,Provincia de El Oro
70351,—,Provincia de El Oro
70352,—,Provincia de El Oro
70353,—,Provincia de El Oro
70354,—,Provincia de El Oro
70355,—,Provincia de El Oro
70401,Piñas,Provincia de El Oro
70402,—,Provincia de El Oro
70403,—,Provincia de El Oro
70404,—,Provincia de El Oro
70405,—,Provincia de El Oro
70406,Cantón Marcabelí,Provincia de El Oro
70450,—,Provincia de El Oro
70451,—,Provincia de El Oro
70501,—,Provincia de El Oro
70502,—,Provincia de El Oro
70503,—,Provincia de El Oro
70504,—,Provincia de El Oro
70505,—,Provincia de El Oro
70506,—,Provincia de El Oro
70507,—,Provincia de El Oro
70508,—,Provincia de El Oro
70509,—,Provincia de El Oro
70510,—,Provincia de El Oro
70550,Cantón Chilla,Provincia de El Oro
70601,—,Provincia de El Oro
70602,—,Provincia de El Oro
70603,—,Provincia de El Oro
70604,—,Provincia de El Oro
70605,—,Provincia de El Oro
70606,—,Provincia de El Oro
70607,—,Provincia de El Oro
70650,Guabo,Provincia de El Oro
70651,—,Provincia de El Oro
70652,—,Provincia de El Oro
70653,—,Provincia de El Oro
70654,—,Provincia de El Oro
70702,—,Provincia de El Oro
70703,Huaquillas,Provincia de El Oro
70750,Huaquillas,Provincia de El Oro
70850,Cantón Marcabelí,Provincia de El Oro
70851,—,Provincia de El Oro
70901,Puerto Bolívar (Ecuador),Provincia de El Oro
70902,Pasaje,Provincia de El Oro
70903,Pasaje,Provincia de El Oro
70904,Pasaje,Provincia de El Oro
70950,Pasaje,Provincia de El Oro
70951,Pasaje,Provincia de El Oro
70952,Pasaje,Provincia de El Oro
70953,Pasaje,Provincia de El Oro
70954,Pasaje,Provincia de El Oro
70955,Pasaje,Provincia de El Oro
70956,Pasaje,Provincia de El Oro
71001,Piñas,Provincia de El Oro
71002,Piñas,Provincia de El Oro
71003,Piñas,Provincia de El Oro
71050,Piñas,Provincia de El Oro
71051,Piñas,Provincia de El Oro
71052,Piñas,Provincia de El Oro
71053,Piñas,Provincia de El Oro
71054,Piñas,Provincia de El Oro
71055,Piñas,Provincia de El Oro
71056,Piñas,Provincia de El Oro
71150,Portovelo,Provincia de El Oro
71151,Portovelo,Provincia de El Oro
71152,Portovelo,Provincia de El Oro
71153,Portovelo,Provincia de El Oro
71201,Santa Rosa (Ecuador),Provincia de El Oro
71202,Santa Rosa (Ecuador),Provincia de El Oro
71203,Santa Rosa (Ecuador),Provincia de El Oro
71251,Santa Rosa (Ecuador),Provincia de El Oro
71252,Santa Rosa (Ecuador),Provincia de El Oro
71253,Santa Rosa (Ecuador),Provincia de El Oro
71254,Santa Rosa (Ecuador),Provincia de El Oro
71255,Santa Rosa (Ecuador),Provincia de El Oro
71256,Santa Rosa (Ecuador),Provincia de El Oro
71257,—,Provincia de El Oro
71350,Zaruma,Provincia de El Oro
71351,—,Provincia de El Oro
71352,Zaruma,Provincia de El Oro
71353,Zaruma,Provincia de El Oro
71354,Zaruma,Provincia de El Oro
71355,Zaruma,Provincia de El Oro
71356,Zaruma,Provincia de El Oro
71357,Zaruma,Provincia de El Oro
71358,Zaruma,Provincia de El Oro
71450,—,Provincia de El Oro
71452,—,Provincia de El Oro
110554,—,Provincia de El Oro
40156,—,Provincia de Esmeraldas
80101,Esmeraldas (Ecuador),Provincia de Esmeraldas
80102,Esmeraldas (Ecuador),Provincia de Esmeraldas
80103,Esmeraldas (Ecuador),Provincia de Esmeraldas
80104,Esmeraldas (Ecuador),Provincia de Esmeraldas
80105,Esmeraldas (Ecuador),Provincia de Esmeraldas
80106,Esmeraldas (Ecuador),Provincia de Esmeraldas
80107,Esmeraldas (Ecuador),Provincia de Esmeraldas
80108,Esmeraldas (Ecuador),Provincia de Esmeraldas
80109,Esmeraldas (Ecuador),Provincia de Esmeraldas
80110,Esmeraldas (Ecuador),Provincia de Esmeraldas
80111,Esmeraldas (Ecuador),Provincia de Esmeraldas
80112,Esmeraldas (Ecuador),Provincia de Esmeraldas
80113,Esmeraldas (Ecuador),Provincia de Esmeraldas
80114,Esmeraldas (Ecuador),Provincia de Esmeraldas
80115,Esmeraldas (Ecuador),Provincia de Esmeraldas
80116,Esmeraldas (Ecuador),Provincia de Esmeraldas
80117,Esmeraldas (Ecuador),Provincia de Esmeraldas
80118,Esmeraldas (Ecuador),Provincia de Esmeraldas
80119,Esmeraldas (Ecuador),Provincia de Esmeraldas
80120,Esmeraldas (Ecuador),Provincia de Esmeraldas
80121,Esmeraldas (Ecuador),Provincia de Esmeraldas
80122,Esmeraldas (Ecuador),Provincia de Esmeraldas
80123,Esmeraldas (Ecuador),Provincia de Esmeraldas
80150,Esmeraldas (Ecuador),Provincia de Esmeraldas
80151,Atacames,Provincia de Esmeraldas
80152,Esmeraldas (Ecuador),Provincia de Esmeraldas
80153,Esmeraldas (Ecuador),Provincia de Esmeraldas
80154,Esmeraldas (Ecuador),Provincia de Esmeraldas
80155,Esmeraldas (Ecuador),Provincia de Esmeraldas
80156,Esmeraldas (Ecuador),Provincia de Esmeraldas
80157,—,Provincia de Esmeraldas
80158,Esmeraldas (Ecuador),Provincia de Esmeraldas
80159,Esmeraldas (Ecuador),Provincia de Esmeraldas
80160,Esmeraldas (Ecuador),Provincia de Esmeraldas
80161,Cantón Río Verde,Provincia de Esmeraldas
80162,Esmeraldas (Ecuador),Provincia de Esmeraldas
80163,Esmeraldas (Ecuador),Provincia de Esmeraldas
80164,Esmeraldas (Ecuador),Provincia de Esmeraldas
80165,Esmeraldas (Ecuador),Provincia de Esmeraldas
80167,Esmeraldas (Ecuador),Provincia de Esmeraldas
80168,—,Provincia de Esmeraldas
80201,—,Provincia de Esmeraldas
80202,—,Provincia de Esmeraldas
80203,—,Provincia de Esmeraldas
80204,—,Provincia de Esmeraldas
80250,Valdez,Provincia de Esmeraldas
80251,—,Provincia de Esmeraldas
80252,—,Provincia de Esmeraldas
80253,—,Provincia de Esmeraldas
80254,—,Provincia de Esmeraldas
80255,—,Provincia de Esmeraldas
80256,—,Provincia de Esmeraldas
80257,—,Provincia de Esmeraldas
80258,—,Provincia de Esmeraldas
80259,—,Provincia de Esmeraldas
80260,—,Provincia de Esmeraldas
80261,—,Provincia de Esmeraldas
80262,—,Provincia de Esmeraldas
80263,—,Provincia de Esmeraldas
80264,—,Provincia de Esmeraldas
80301,—,Provincia de Esmeraldas
80302,—,Provincia de Esmeraldas
80303,—,Provincia de Esmeraldas
80304,—,Provincia de Esmeraldas
80305,—,Provincia de Esmeraldas
80306,—,Provincia de Esmeraldas
80307,—,Provincia de Esmeraldas
80308,—,Provincia de Esmeraldas
80350,Muisne,Provincia de Esmeraldas
80351,—,Provincia de Esmeraldas
80352,Muisne,Provincia de Esmeraldas
80353,Muisne,Provincia de Esmeraldas
80354,Muisne,Provincia de Esmeraldas
80355,Muisne,Provincia de Esmeraldas
80356,Muisne,Provincia de Esmeraldas
80358,Muisne,Provincia de Esmeraldas
80401,Cantón Quinindé,Provincia de Esmeraldas
80402,Cantón Quinindé,Provincia de Esmeraldas
80403,—,Provincia de Esmeraldas
80404,—,Provincia de Esmeraldas
80405,—,Provincia de Esmeraldas
80406,—,Provincia de Esmeraldas
80407,—,Provincia de Esmeraldas
80408,—,Provincia de Esmeraldas
80409,—,Provincia de Esmeraldas
80450,Cantón Quinindé,Provincia de Esmeraldas
80451,—,Provincia de Esmeraldas
80452,—,Provincia de Esmeraldas
80453,—,Provincia de Esmeraldas
80454,—,Provincia de Esmeraldas
80455,—,Provincia de Esmeraldas
80456,—,Provincia de Esmeraldas
80501,—,Provincia de Esmeraldas
80502,—,Provincia de Esmeraldas
80503,—,Provincia de Esmeraldas
80504,—,Provincia de Esmeraldas
80550,San Lorenzo de Esmeraldas,Provincia de Esmeraldas
80551,—,Provincia de Esmeraldas
80552,San Lorenzo de Esmeraldas,Provincia de Esmeraldas
80554,San Lorenzo de Esmeraldas,Provincia de Esmeraldas
80556,—,Provincia de Esmeraldas
80557,San Lorenzo de Esmeraldas,Provincia de Esmeraldas
80558,San Lorenzo de Esmeraldas,Provincia de Esmeraldas
80559,San Lorenzo de Esmeraldas,Provincia de Esmeraldas
80560,San Lorenzo de Esmeraldas,Provincia de Esmeraldas
80561,San Lorenzo de Esmeraldas,Provincia de Esmeraldas
80601,—,Provincia de Esmeraldas
80602,—,Provincia de Esmeraldas
80650,Atacames,Provincia de Esmeraldas
80651,Atacames,Provincia de Esmeraldas
80652,Atacames,Provincia de Esmeraldas
80653,Atacames,Provincia de Esmeraldas
80654,—,Provincia de Esmeraldas
80701,Cantón La Concordia,Provincia de Esmeraldas
80750,Cantón Río Verde,Provincia de Esmeraldas
80751,—,Provincia de Esmeraldas
80752,—,Provincia de Esmeraldas
80753,—,Provincia de Esmeraldas
80754,—,Provincia de Esmeraldas
80755,—,Provincia de Esmeraldas
100155,—,Provincia de Esmeraldas
10851,—,Provincia del Guayas
40250,Guayaquil,Provincia del Guayas
40251,Guayaquil,Provincia del Guayas
61050,—,Provincia del Guayas
70701,—,Provincia del Guayas
70704,—,Provincia del Guayas
71453,—,Provincia del Guayas
80357,—,Provincia del Guayas
80555,Guayaquil,Provincia del Guayas
90101,Guayaquil,Provincia del Guayas
90102,Guayaquil,Provincia del Guayas
90103,Guayaquil,Provincia del Guayas
90104,—,Provincia del Guayas
90105,Guayaquil,Provincia del Guayas
90106,Guayaquil,Provincia del Guayas
90107,Guayaquil,Provincia del Guayas
90108,Guayaquil,Provincia del Guayas
90109,Guayaquil,Provincia del Guayas
90110,Guayaquil,Provincia del Guayas
90111,Guayaquil,Provincia del Guayas
90112,Guayaquil,Provincia del Guayas
90113,Guayaquil,Provincia del Guayas
90114,Guayaquil,Provincia del Guayas
90115,—,Provincia del Guayas
90116,—,Provincia del Guayas
90150,Guayaquil,Provincia del Guayas
90151,Guayaquil,Provincia del Guayas
90152,—,Provincia del Guayas
90153,—,Provincia del Guayas
90154,—,Provincia del Guayas
90155,General Villamil,Provincia del Guayas
90156,Posorja,Provincia del Guayas
90157,—,Provincia del Guayas
90158,—,Provincia del Guayas
90201,Guayaquil,Provincia del Guayas
90202,Guayaquil,Provincia del Guayas
90203,Guayaquil,Provincia del Guayas
90204,Guayaquil,Provincia del Guayas
90205,Guayaquil,Provincia del Guayas
90206,Guayaquil,Provincia del Guayas
90207,Guayaquil,Provincia del Guayas
90208,Guayaquil,Provincia del Guayas
90209,Guayaquil,Provincia del Guayas
90210,Guayaquil,Provincia del Guayas
90211,Guayaquil,Provincia del Guayas
90212,Guayaquil,Provincia del Guayas
90250,Jujan,Provincia del Guayas
90301,Guayaquil,Provincia del Guayas
90302,Guayaquil,Provincia del Guayas
90303,Guayaquil,Provincia del Guayas
90304,Guayaquil,Provincia del Guayas
90305,Guayaquil,Provincia del Guayas
90306,Guayaquil,Provincia del Guayas
90307,Guayaquil,Provincia del Guayas
90308,Guayaquil,Provincia del Guayas
90309,Guayaquil,Provincia del Guayas
90310,Guayaquil,Provincia del Guayas
90311,Guayaquil,Provincia del Guayas
90312,Guayaquil,Provincia del Guayas
90313,Guayaquil,Provincia del Guayas
90314,Guayaquil,Provincia del Guayas
90315,Guayaquil,Provincia del Guayas
90350,Baláo,Provincia del Guayas
90401,Guayaquil,Provincia del Guayas
90402,Guayaquil,Provincia del Guayas
90403,Guayaquil,Provincia del Guayas
90404,Guayaquil,Provincia del Guayas
90405,Guayaquil,Provincia del Guayas
90406,Guayaquil,Provincia del Guayas
90407,Guayaquil,Provincia del Guayas
90408,Guayaquil,Provincia del Guayas
90409,Guayaquil,Provincia del Guayas
90410,Guayaquil,Provincia del Guayas
90411,Guayaquil,Provincia del Guayas
90412,Guayaquil,Provincia del Guayas
90413,Guayaquil,Provincia del Guayas
90414,Guayaquil,Provincia del Guayas
90415,Guayaquil,Provincia del Guayas
90416,Guayaquil,Provincia del Guayas
90417,—,Provincia del Guayas
90418,Guayaquil,Provincia del Guayas
90450,Balzar,Provincia del Guayas
90501,Guayaquil,Provincia del Guayas
90502,Guayaquil,Provincia del Guayas
90503,Guayaquil,Provincia del Guayas
90504,Guayaquil,Provincia del Guayas
90505,Guayaquil,Provincia del Guayas
90506,Guayaquil,Provincia del Guayas
90507,Guayaquil,Provincia del Guayas
90508,Guayaquil,Provincia del Guayas
90509,Guayaquil,Provincia del Guayas
90510,Guayaquil,Provincia del Guayas
90511,—,Provincia del Guayas
90512,Guayaquil,Provincia del Guayas
90513,Guayaquil,Provincia del Guayas
90514,Guayaquil,Provincia del Guayas
90550,Colimes,Provincia del Guayas
90551,—,Provincia del Guayas
90601,Guayaquil,Provincia del Guayas
90602,Guayaquil,Provincia del Guayas
90603,Guayaquil,Provincia del Guayas
90604,Guayaquil,Provincia del Guayas
90605,Guayaquil,Provincia del Guayas
90606,Guayaquil,Provincia del Guayas
90607,Guayaquil,Provincia del Guayas
90608,Daule,Provincia del Guayas
90609,Guayaquil,Provincia del Guayas
90610,Guayaquil,Provincia del Guayas
90613,Guayaquil,Provincia del Guayas
90615,Guayaquil,Provincia del Guayas
90616,Guayaquil,Provincia del Guayas
90651,Isidro Ayora,Provincia del Guayas
90652,Daule,Provincia del Guayas
90654,Daule,Provincia del Guayas
90655,Lomas de Sargentillo,Provincia del Guayas
90656,—,Provincia del Guayas
90657,—,Provincia del Guayas
90701,Durán (Ecuador),Provincia del Guayas
90702,Guayaquil,Provincia del Guayas
90703,Guayaquil,Provincia del Guayas
90704,Guayaquil,Provincia del Guayas
90705,Guayaquil,Provincia del Guayas
90706,Guayaquil,Provincia del Guayas
90707,Guayaquil,Provincia del Guayas
90708,Guayaquil,Provincia del Guayas
90801,Guayaquil,Provincia del Guayas
90802,Guayaquil,Provincia del Guayas
90803,Guayaquil,Provincia del Guayas
90804,Guayaquil,Provincia del Guayas
90805,Guayaquil,Provincia del Guayas
90806,Guayaquil,Provincia del Guayas
90807,Guayaquil,Provincia del Guayas
90808,Guayaquil,Provincia del Guayas
90809,Guayaquil,Provincia del Guayas
90810,Guayaquil,Provincia del Guayas
90811,Guayaquil,Provincia del Guayas
90850,—,Provincia del Guayas
90851,—,Provincia del Guayas
90852,Guayaquil,Provincia del Guayas
90901,Guayaquil,Provincia del Guayas
90902,Guayaquil,Provincia del Guayas
90904,Guayaquil,Provincia del Guayas
90950,—,Provincia del Guayas
91001,Posorja,Provincia del Guayas
91002,—,Provincia del Guayas
91003,Guayaquil,Provincia del Guayas
91050,Milagro (Ecuador),Provincia del Guayas
91051,Milagro (Ecuador),Provincia del Guayas
91052,—,Provincia del Guayas
91053,Milagro (Ecuador),Provincia del Guayas
91054,Milagro (Ecuador),Provincia del Guayas
91101,—,Provincia del Guayas
91102,—,Provincia del Guayas
91103,Jujan,Provincia del Guayas
91104,—,Provincia del Guayas
91150,Naranjal,Provincia del Guayas
91151,Naranjal,Provincia del Guayas
91152,Naranjal,Provincia del Guayas
91153,Naranjal,Provincia del Guayas
91154,—,Provincia del Guayas
91201,—,Provincia del Guayas
91202,—,Provincia del Guayas
91203,—,Provincia del Guayas
91204,—,Provincia del Guayas
91205,—,Provincia del Guayas
91206,—,Provincia del Guayas
91207,—,Provincia del Guayas
91208,—,Provincia del Guayas
91250,Naranjito (cantón),Provincia del Guayas
91301,—,Provincia del Guayas
91302,Balzar,Provincia del Guayas
91303,—,Provincia del Guayas
91304,—,Provincia del Guayas
91305,—,Provincia del Guayas
91306,—,Provincia del Guayas
91307,Palestina (cantón),Provincia del Guayas
91308,—,Provincia del Guayas
91350,Palestina (cantón),Provincia del Guayas
91401,—,Provincia del Guayas
91402,—,Provincia del Guayas
91403,—,Provincia del Guayas
91404,—,Provincia del Guayas
91405,Lomas de Sargentillo,Provincia del Guayas
91406,—,Provincia del Guayas
91450,Pedro Carbo,Provincia del Guayas
91451,Pedro Carbo,Provincia del Guayas
91452,—,Provincia del Guayas
91501,—,Provincia del Guayas
91502,Velasco Ibarra,Provincia del Guayas
91503,Velasco Ibarra,Provincia del Guayas
91505,—,Provincia del Guayas
91506,—,Provincia del Guayas
91601,—,Provincia del Guayas
91602,—,Provincia del Guayas
91603,—,Provincia del Guayas
91604,—,Provincia del Guayas
91605,—,Provincia del Guayas
91650,Samborondón,Provincia del Guayas
91651,—,Provincia del Guayas
91701,Milagro (Ecuador),Provincia del Guayas
91702,Milagro (Ecuador),Provincia del Guayas
91703,Milagro (Ecuador),Provincia del Guayas
91704,Milagro (Ecuador),Provincia del Guayas
91705,Milagro (Ecuador),Provincia del Guayas
91706,Milagro (Ecuador),Provincia del Guayas
91707,Milagro (Ecuador),Provincia del Guayas
91708,Milagro (Ecuador),Provincia del Guayas
91709,Milagro (Ecuador),Provincia del Guayas
91710,Milagro (Ecuador),Provincia del Guayas
91711,Milagro (Ecuador),Provincia del Guayas
91712,—,Provincia del Guayas
91713,Milagro (Ecuador),Provincia del Guayas
91714,—,Provincia del Guayas
91715,—,Provincia del Guayas
91716,Naranjito (cantón),Provincia del Guayas
91801,—,Provincia del Guayas
91802,—,Provincia del Guayas
91803,—,Provincia del Guayas
91804,—,Provincia del Guayas
91850,Cantón Santa Lucía,Provincia del Guayas
91901,Daule,Provincia del Guayas
91902,Daule,Provincia del Guayas
91903,—,Provincia del Guayas
91904,—,Provincia del Guayas
91905,—,Provincia del Guayas
91906,—,Provincia del Guayas
91907,—,Provincia del Guayas
91908,Cantón Santa Lucía,Provincia del Guayas
91909,—,Provincia del Guayas
91910,—,Provincia del Guayas
91950,—,Provincia del Guayas
91951,—,Provincia del Guayas
91952,—,Provincia del Guayas
91953,—,Provincia del Guayas
92001,—,Provincia del Guayas
92002,—,Provincia del Guayas
92003,—,Provincia del Guayas
92004,—,Provincia del Guayas
92005,—,Provincia del Guayas
92051,Yaguachi,Provincia del Guayas
92052,Coronel Marcelino Maridueña,Provincia del Guayas
92053,Yaguachi,Provincia del Guayas
92055,Yaguachi,Provincia del Guayas
92056,Yaguachi,Provincia del Guayas
92101,—,Provincia del Guayas
92102,—,Provincia del Guayas
92103,—,Provincia del Guayas
92104,—,Provincia del Guayas
92105,—,Provincia del Guayas
92150,General Villamil,Provincia del Guayas
92201,—,Provincia del Guayas
92202,General Villamil,Provincia del Guayas
92203,—,Provincia del Guayas
92251,—,Provincia del Guayas
92301,—,Provincia del Guayas
92302,—,Provincia del Guayas
92303,—,Provincia del Guayas
92304,Samborondón,Provincia del Guayas
92350,Coronel Marcelino Maridueña,Provincia del Guayas
92401,Durán (Ecuador),Provincia del Guayas
92402,Durán (Ecuador),Provincia del Guayas
92403,Durán (Ecuador),Provincia del Guayas
92404,Durán (Ecuador),Provincia del Guayas
92405,Durán (Ecuador),Provincia del Guayas
92406,Durán (Ecuador),Provincia del Guayas
92407,Durán (Ecuador),Provincia del Guayas
92408,Durán (Ecuador),Provincia del Guayas
92409,Durán (Ecuador),Provincia del Guayas
92410,Durán (Ecuador),Provincia del Guayas
92411,Durán (Ecuador),Provincia del Guayas
92450,Lomas de Sargentillo,Provincia del Guayas
92451,Isidro Ayora,Provincia del Guayas
92550,Guayaquil,Provincia del Guayas
92650,—,Provincia del Guayas
92750,Isidro Ayora,Provincia del Guayas
120104,Cantón Alfredo Baquerizo Moreno,Provincia del Guayas
130651,—,Provincia del Guayas
131650,—,Provincia del Guayas
131653,—,Provincia del Guayas
180752,Guayaquil,Provincia del Guayas
180754,Guayaquil,Provincia del Guayas
180756,Guayaquil,Provincia del Guayas
240201,La Libertad (Ecuador),Provincia del Guayas
240202,La Libertad (Ecuador),Provincia del Guayas
240205,La Libertad (Ecuador),Provincia del Guayas
241702,Montañita,Provincia del Guayas
241751,Guayaquil,Provincia del Guayas
241754,Montañita,Provincia del Guayas
40205,Valle del Chota,Provincia de Imbabura
40254,Valle del Chota,Provincia de Imbabura
40451,—,Provincia de Imbabura
40452,—,Provincia de Imbabura
40555,—,Provincia de Imbabura
100101,Ibarra (Ecuador),Provincia de Imbabura
100102,Ibarra (Ecuador),Provincia de Imbabura
100103,Ibarra (Ecuador),Provincia de Imbabura
100104,Ibarra (Ecuador),Provincia de Imbabura
100105,Ibarra (Ecuador),Provincia de Imbabura
100106,Ibarra (Ecuador),Provincia de Imbabura
100107,Ibarra (Ecuador),Provincia de Imbabura
100108,Ibarra (Ecuador),Provincia de Imbabura
100109,Ibarra (Ecuador),Provincia de Imbabura
100110,Ibarra (Ecuador),Provincia de Imbabura
100111,Ibarra (Ecuador),Provincia de Imbabura
100112,Ibarra (Ecuador),Provincia de Imbabura
100113,Ibarra (Ecuador),Provincia de Imbabura
100114,Ibarra (Ecuador),Provincia de Imbabura
100115,—,Provincia de Imbabura
100116,Ibarra (Ecuador),Provincia de Imbabura
100117,—,Provincia de Imbabura
100118,—,Provincia de Imbabura
100119,Ibarra (Ecuador),Provincia de Imbabura
100120,—,Provincia de Imbabura
100121,Ibarra (Ecuador),Provincia de Imbabura
100122,—,Provincia de Imbabura
100150,Ibarra (Ecuador),Provincia de Imbabura
100151,Ibarra (Ecuador),Provincia de Imbabura
100152,Ibarra (Ecuador),Provincia de Imbabura
100153,—,Provincia de Imbabura
100154,Ibarra (Ecuador),Provincia de Imbabura
100156,Ibarra (Ecuador),Provincia de Imbabura
100157,Ibarra (Ecuador),Provincia de Imbabura
100201,Otavalo,Provincia de Imbabura
100202,Atuntaqui,Provincia de Imbabura
100203,—,Provincia de Imbabura
100204,Otavalo,Provincia de Imbabura
100205,Otavalo,Provincia de Imbabura
100206,—,Provincia de Imbabura
100207,—,Provincia de Imbabura
100208,—,Provincia de Imbabura
100209,—,Provincia de Imbabura
100210,—,Provincia de Imbabura
100211,—,Provincia de Imbabura
100212,—,Provincia de Imbabura
100213,—,Provincia de Imbabura
100214,Atuntaqui,Provincia de Imbabura
100215,—,Provincia de Imbabura
100216,Atuntaqui,Provincia de Imbabura
100217,—,Provincia de Imbabura
100251,—,Provincia de Imbabura
100252,Atuntaqui,Provincia de Imbabura
100253,Atuntaqui,Provincia de Imbabura
100301,—,Provincia de Imbabura
100302,—,Provincia de Imbabura
100303,—,Provincia de Imbabura
100304,—,Provincia de Imbabura
100305,—,Provincia de Imbabura
100306,—,Provincia de Imbabura
100350,Cotacachi (ciudad),Provincia de Imbabura
100351,Cotacachi (ciudad),Provincia de Imbabura
100352,—,Provincia de Imbabura
100353,Cotacachi (ciudad),Provincia de Imbabura
100354,Cotacachi (ciudad),Provincia de Imbabura
100355,Cotacachi (ciudad),Provincia de Imbabura
100356,Cotacachi (ciudad),Provincia de Imbabura
100358,Cotacachi (ciudad),Provincia de Imbabura
100401,Otavalo,Provincia de Imbabura
100450,Otavalo,Provincia de Imbabura
100451,Otavalo,Provincia de Imbabura
100452,Otavalo,Provincia de Imbabura
100454,Otavalo,Provincia de Imbabura
100455,Otavalo,Provincia de Imbabura
100456,Otavalo,Provincia de Imbabura
100458,Otavalo,Provincia de Imbabura
100459,Otavalo,Provincia de Imbabura
100550,Pimampiro,Provincia de Imbabura
100551,Pimampiro,Provincia de Imbabura
100552,Pimampiro,Provincia de Imbabura
100553,Pimampiro,Provincia de Imbabura
100650,—,Provincia de Imbabura
100651,—,Provincia de Imbabura
100652,—,Provincia de Imbabura
100653,—,Provincia de Imbabura
100655,—,Provincia de Imbabura
900004,—,Provincia de Imbabura
110101,Loja (Ecuador),Provincia de Loja
110102,Loja (Ecuador),Provincia de Loja
110103,Loja (Ecuador),Provincia de Loja
110104,Loja (Ecuador),Provincia de Loja
110105,Loja (Ecuador),Provincia de Loja
110106,Loja (Ecuador),Provincia de Loja
110107,Loja (Ecuador),Provincia de Loja
110108,Loja (Ecuador),Provincia de Loja
110109,Loja (Ecuador),Provincia de Loja
110110,Loja (Ecuador),Provincia de Loja
110111,Loja (Ecuador),Provincia de Loja
110112,Loja (Ecuador),Provincia de Loja
110113,Loja (Ecuador),Provincia de Loja
110114,Loja (Ecuador),Provincia de Loja
110115,Loja (Ecuador),Provincia de Loja
110116,Loja (Ecuador),Provincia de Loja
110117,Loja (Ecuador),Provincia de Loja
110118,Loja (Ecuador),Provincia de Loja
110119,Loja (Ecuador),Provincia de Loja
110120,—,Provincia de Loja
110121,—,Provincia de Loja
110150,Loja (Ecuador),Provincia de Loja
110151,—,Provincia de Loja
110152,—,Provincia de Loja
110153,El Cisne (Loja),Provincia de Loja
110154,Loja (Ecuador),Provincia de Loja
110155,Loja (Ecuador),Provincia de Loja
110156,Loja (Ecuador),Provincia de Loja
110157,Loja (Ecuador),Provincia de Loja
110158,Loja (Ecuador),Provincia de Loja
110159,Loja (Ecuador),Provincia de Loja
110160,Loja (Ecuador),Provincia de Loja
110161,Vilcabamba (Ecuador),Provincia de Loja
110162,—,Provincia de Loja
110163,—,Provincia de Loja
110201,Catamayo,Provincia de Loja
110202,—,Provincia de Loja
110203,—,Provincia de Loja
110204,—,Provincia de Loja
110205,—,Provincia de Loja
110206,—,Provincia de Loja
110207,—,Provincia de Loja
110208,Chaguarpamba,Provincia de Loja
110209,—,Provincia de Loja
110251,—,Provincia de Loja
110252,—,Provincia de Loja
110253,—,Provincia de Loja
110254,—,Provincia de Loja
110301,Catacocha,Provincia de Loja
110302,—,Provincia de Loja
110303,—,Provincia de Loja
110304,—,Provincia de Loja
110305,—,Provincia de Loja
110350,Catamayo,Provincia de Loja
110352,Catamayo,Provincia de Loja
110353,Catamayo,Provincia de Loja
110354,Catamayo,Provincia de Loja
110401,—,Provincia de Loja
110402,—,Provincia de Loja
110403,—,Provincia de Loja
110404,—,Provincia de Loja
110405,—,Provincia de Loja
110406,—,Provincia de Loja
110407,—,Provincia de Loja
110450,Celica,Provincia de Loja
110451,Celica,Provincia de Loja
110452,Celica,Provincia de Loja
110453,Celica,Provincia de Loja
110454,Celica,Provincia de Loja
110455,Celica,Provincia de Loja
110456,Celica,Provincia de Loja
110457,Celica,Provincia de Loja
110501,—,Provincia de Loja
110502,—,Provincia de Loja
110503,—,Provincia de Loja
110550,Chaguarpamba,Provincia de Loja
110551,—,Provincia de Loja
110552,—,Provincia de Loja
110553,—,Provincia de Loja
110601,—,Provincia de Loja
110602,—,Provincia de Loja
110603,—,Provincia de Loja
110604,—,Provincia de Loja
110605,—,Provincia de Loja
110606,Cariamanga,Provincia de Loja
110607,—,Provincia de Loja
110608,—,Provincia de Loja
110609,—,Provincia de Loja
110610,—,Provincia de Loja
110650,—,Provincia de Loja
110651,—,Provincia de Loja
110652,—,Provincia de Loja
110653,—,Provincia de Loja
110655,—,Provincia de Loja
110656,—,Provincia de Loja
110701,—,Provincia de Loja
110702,—,Provincia de Loja
110703,—,Provincia de Loja
110704,—,Provincia de Loja
110705,—,Provincia de Loja
110750,Gonzanamá,Provincia de Loja
110751,—,Provincia de Loja
110752,—,Provincia de Loja
110753,—,Provincia de Loja
110754,—,Provincia de Loja
110755,—,Provincia de Loja
110756,—,Provincia de Loja
110757,—,Provincia de Loja
110801,—,Provincia de Loja
110802,—,Provincia de Loja
110803,—,Provincia de Loja
110804,—,Provincia de Loja
110805,—,Provincia de Loja
110806,—,Provincia de Loja
110851,Macará,Provincia de Loja
110852,Macará,Provincia de Loja
110853,Macará,Provincia de Loja
110901,—,Provincia de Loja
110902,—,Provincia de Loja
110903,—,Provincia de Loja
110904,—,Provincia de Loja
110905,—,Provincia de Loja
110906,—,Provincia de Loja
110951,—,Provincia de Loja
110952,—,Provincia de Loja
110953,—,Provincia de Loja
110954,—,Provincia de Loja
110955,—,Provincia de Loja
110956,—,Provincia de Loja
110957,—,Provincia de Loja
110958,—,Provincia de Loja
110959,Catacocha,Provincia de Loja
111050,Alamor,Provincia de Loja
111051,—,Provincia de Loja
111052,—,Provincia de Loja
111053,—,Provincia de Loja
111054,—,Provincia de Loja
111055,—,Provincia de Loja
111150,—,Provincia de Loja
111151,—,Provincia de Loja
111152,—,Provincia de Loja
111153,—,Provincia de Loja
111154,—,Provincia de Loja
111155,—,Provincia de Loja
111156,—,Provincia de Loja
111157,—,Provincia de Loja
111158,—,Provincia de Loja
111159,—,Provincia de Loja
111160,—,Provincia de Loja
111250,—,Provincia de Loja
111251,—,Provincia de Loja
111252,—,Provincia de Loja
111350,—,Provincia de Loja
111351,—,Provincia de Loja
111352,—,Provincia de Loja
111353,—,Provincia de Loja
111354,—,Provincia de Loja
111450,—,Provincia de Loja
111451,Alamor,Provincia de Loja
111452,—,Provincia de Loja
111550,—,Provincia de Loja
111551,—,Provincia de Loja
111552,—,Provincia de Loja
111650,—,Provincia de Loja
111651,—,Provincia de Loja
120101,Babahoyo,Provincia de Los Ríos
120102,Babahoyo,Provincia de Los Ríos
120103,Babahoyo,Provincia de Los Ríos
120105,Babahoyo,Provincia de Los Ríos
120106,—,Provincia de Los Ríos
120107,—,Provincia de Los Ríos
120108,—,Provincia de Los Ríos
120109,—,Provincia de Los Ríos
120110,—,Provincia de Los Ríos
120111,—,Provincia de Los Ríos
120112,—,Provincia de Los Ríos
120113,—,Provincia de Los Ríos
120114,—,Provincia de Los Ríos
120115,—,Provincia de Los Ríos
120116,—,Provincia de Los Ríos
120117,—,Provincia de Los Ríos
120118,—,Provincia de Los Ríos
120150,Babahoyo,Provincia de Los Ríos
120151,Babahoyo,Provincia de Los Ríos
120152,Babahoyo,Provincia de Los Ríos
120153,Babahoyo,Provincia de Los Ríos
120154,Babahoyo,Provincia de Los Ríos
120155,Babahoyo,Provincia de Los Ríos
120201,—,Provincia de Los Ríos
120202,Catarama,Provincia de Los Ríos
120203,Catarama,Provincia de Los Ríos
120204,—,Provincia de Los Ríos
120205,—,Provincia de Los Ríos
120206,—,Provincia de Los Ríos
120250,—,Provincia de Los Ríos
120251,—,Provincia de Los Ríos
120252,—,Provincia de Los Ríos
120301,Quevedo (Ecuador),Provincia de Los Ríos
120302,Quevedo (Ecuador),Provincia de Los Ríos
120303,Quevedo (Ecuador),Provincia de Los Ríos
120304,Quevedo (Ecuador),Provincia de Los Ríos
120305,Quevedo (Ecuador),Provincia de Los Ríos
120306,—,Provincia de Los Ríos
120307,—,Provincia de Los Ríos
120308,—,Provincia de Los Ríos
120309,Quevedo (Ecuador),Provincia de Los Ríos
120310,Quevedo (Ecuador),Provincia de Los Ríos
120311,—,Provincia de Los Ríos
120312,—,Provincia de Los Ríos
120313,Cantón Mocache,Provincia de Los Ríos
120314,—,Provincia de Los Ríos
120315,—,Provincia de Los Ríos
120350,Montalvo,Provincia de Los Ríos
120401,—,Provincia de Los Ríos
120402,—,Provincia de Los Ríos
120403,—,Provincia de Los Ríos
120404,—,Provincia de Los Ríos
120405,—,Provincia de Los Ríos
120406,Ventanas (Ecuador),Provincia de Los Ríos
120407,—,Provincia de Los Ríos
120408,—,Provincia de Los Ríos
120450,—,Provincia de Los Ríos
120451,—,Provincia de Los Ríos
120452,—,Provincia de Los Ríos
120501,Vinces,Provincia de Los Ríos
120502,Vinces,Provincia de Los Ríos
120503,—,Provincia de Los Ríos
120504,Vinces,Provincia de Los Ríos
120505,—,Provincia de Los Ríos
120506,Vinces,Provincia de Los Ríos
120507,—,Provincia de Los Ríos
120508,—,Provincia de Los Ríos
120509,—,Provincia de Los Ríos
120510,—,Provincia de Los Ríos
120511,—,Provincia de Los Ríos
120551,Buena Fe (ciudad),Provincia de Los Ríos
120552,Cantón Mocache,Provincia de Los Ríos
120553,Quevedo (Ecuador),Provincia de Los Ríos
120554,Cantón Valencia,Provincia de Los Ríos
120555,—,Provincia de Los Ríos
120601,Buena Fe (ciudad),Provincia de Los Ríos
120602,Buena Fe (ciudad),Provincia de Los Ríos
120603,—,Provincia de Los Ríos
120604,—,Provincia de Los Ríos
120605,—,Provincia de Los Ríos
120606,—,Provincia de Los Ríos
120607,—,Provincia de Los Ríos
120608,—,Provincia de Los Ríos
120609,—,Provincia de Los Ríos
120610,Cantón Valencia,Provincia de Los Ríos
120650,Catarama,Provincia de Los Ríos
120651,Catarama,Provincia de Los Ríos
120750,Ventanas (Ecuador),Provincia de Los Ríos
120751,Ventanas (Ecuador),Provincia de Los Ríos
120752,Ventanas (Ecuador),Provincia de Los Ríos
120850,Vinces,Provincia de Los Ríos
120851,Vinces,Provincia de Los Ríos
120852,Palenque,Provincia de Los Ríos
120950,Palenque,Provincia de Los Ríos
121001,Buena Fe (ciudad),Provincia de Los Ríos
121002,Buena Fe (ciudad),Provincia de Los Ríos
121003,Buena Fe (ciudad),Provincia de Los Ríos
121050,Buena Fe (ciudad),Provincia de Los Ríos
121051,Buena Fe (ciudad),Provincia de Los Ríos
121150,Cantón Valencia,Provincia de Los Ríos
121250,Cantón Mocache,Provincia de Los Ríos
131151,—,Provincia de Los Ríos
91504,Pichincha,Provincia de Manabí
130101,Portoviejo,Provincia de Manabí
130102,Portoviejo,Provincia de Manabí
130103,Portoviejo,Provincia de Manabí
130104,Picoazá,Provincia de Manabí
130105,Portoviejo,Provincia de Manabí
130106,Portoviejo,Provincia de Manabí
130107,Portoviejo,Provincia de Manabí
130108,Portoviejo,Provincia de Manabí
130109,Portoviejo,Provincia de Manabí
130110,Portoviejo,Provincia de Manabí
130111,Portoviejo,Provincia de Manabí
130112,Portoviejo,Provincia de Manabí
130113,Portoviejo,Provincia de Manabí
130114,Portoviejo,Provincia de Manabí
130115,Portoviejo,Provincia de Manabí
130116,Portoviejo,Provincia de Manabí
130117,Portoviejo,Provincia de Manabí
130118,Portoviejo,Provincia de Manabí
130119,Portoviejo,Provincia de Manabí
130120,Portoviejo,Provincia de Manabí
130121,Portoviejo,Provincia de Manabí
130151,Portoviejo,Provincia de Manabí
130152,Portoviejo,Provincia de Manabí
130153,—,Provincia de Manabí
130154,Portoviejo,Provincia de Manabí
130155,Portoviejo,Provincia de Manabí
130156,Portoviejo,Provincia de Manabí
130157,Portoviejo,Provincia de Manabí
130201,Manta,Provincia de Manabí
130202,Manta,Provincia de Manabí
130203,Manta,Provincia de Manabí
130204,Manta,Provincia de Manabí
130205,Manta,Provincia de Manabí
130206,Manta,Provincia de Manabí
130207,Manta,Provincia de Manabí
130208,Manta,Provincia de Manabí
130209,Manta,Provincia de Manabí
130210,Manta,Provincia de Manabí
130211,Manta,Provincia de Manabí
130212,Manta,Provincia de Manabí
130213,Manta,Provincia de Manabí
130214,Manta,Provincia de Manabí
130215,Manta,Provincia de Manabí
130216,Manta,Provincia de Manabí
130217,Manta,Provincia de Manabí
130218,—,Provincia de Manabí
130219,—,Provincia de Manabí
130220,Manta,Provincia de Manabí
130221,Manta,Provincia de Manabí
130222,Cantón Jaramijó,Provincia de Manabí
130223,—,Provincia de Manabí
130224,—,Provincia de Manabí
130225,—,Provincia de Manabí
130226,Manta,Provincia de Manabí
130227,Manta,Provincia de Manabí
130250,Calceta (ciudad),Provincia de Manabí
130251,—,Provincia de Manabí
130252,—,Provincia de Manabí
130301,Cantón Jipijapa,Provincia de Manabí
130302,Cantón Jipijapa,Provincia de Manabí
130303,—,Provincia de Manabí
130304,Cantón Jipijapa,Provincia de Manabí
130305,Cantón Jipijapa,Provincia de Manabí
130306,Cantón Jipijapa,Provincia de Manabí
130307,—,Provincia de Manabí
130308,—,Provincia de Manabí
130309,—,Provincia de Manabí
130310,—,Provincia de Manabí
130311,—,Provincia de Manabí
130312,—,Provincia de Manabí
130313,—,Provincia de Manabí
130314,—,Provincia de Manabí
130315,—,Provincia de Manabí
130351,Chone,Provincia de Manabí
130352,—,Provincia de Manabí
130353,—,Provincia de Manabí
130354,Chone,Provincia de Manabí
130355,Chone,Provincia de Manabí
130356,Chone,Provincia de Manabí
130357,Chone,Provincia de Manabí
130401,—,Provincia de Manabí
130402,Cantón Santa Ana (Ecuador),Provincia de Manabí
130403,Cantón Santa Ana (Ecuador),Provincia de Manabí
130404,Sucre,Provincia de Manabí
130405,—,Provincia de Manabí
130406,—,Provincia de Manabí
130407,—,Provincia de Manabí
130408,—,Provincia de Manabí
130409,—,Provincia de Manabí
130410,—,Provincia de Manabí
130411,—,Provincia de Manabí
130412,—,Provincia de Manabí
130413,—,Provincia de Manabí
130414,—,Provincia de Manabí
130451,—,Provincia de Manabí
130452,—,Provincia de Manabí
130501,—,Provincia de Manabí
130502,—,Provincia de Manabí
130503,—,Provincia de Manabí
130504,—,Provincia de Manabí
130505,—,Provincia de Manabí
130506,—,Provincia de Manabí
130507,—,Provincia de Manabí
130550,Cantón Flavio Alfaro,Provincia de Manabí
130551,Cantón Flavio Alfaro,Provincia de Manabí
130552,Cantón Flavio Alfaro,Provincia de Manabí
130601,Calceta (ciudad),Provincia de Manabí
130602,—,Provincia de Manabí
130603,—,Provincia de Manabí
130604,—,Provincia de Manabí
130605,Cantón Junín,Provincia de Manabí
130606,—,Provincia de Manabí
130607,—,Provincia de Manabí
130650,Cantón Jipijapa,Provincia de Manabí
130652,Cantón Jipijapa,Provincia de Manabí
130653,Cantón Jipijapa,Provincia de Manabí
130654,—,Provincia de Manabí
130655,Cantón Jipijapa,Provincia de Manabí
130656,Cantón Jipijapa,Provincia de Manabí
130657,Cantón Jipijapa,Provincia de Manabí
130658,Cantón Jipijapa,Provincia de Manabí
130659,Cantón Jipijapa,Provincia de Manabí
130701,—,Provincia de Manabí
130702,—,Provincia de Manabí
130703,Chone,Provincia de Manabí
130704,Chone,Provincia de Manabí
130705,—,Provincia de Manabí
130706,—,Provincia de Manabí
130707,—,Provincia de Manabí
130708,—,Provincia de Manabí
130709,—,Provincia de Manabí
130710,—,Provincia de Manabí
130711,—,Provincia de Manabí
130712,—,Provincia de Manabí
130713,—,Provincia de Manabí
130714,—,Provincia de Manabí
130715,—,Provincia de Manabí
130716,—,Provincia de Manabí
130717,—,Provincia de Manabí
130718,—,Provincia de Manabí
130719,—,Provincia de Manabí
130750,Cantón Junín,Provincia de Manabí
130801,—,Provincia de Manabí
130802,—,Provincia de Manabí
130803,—,Provincia de Manabí
130804,—,Provincia de Manabí
130805,—,Provincia de Manabí
130806,—,Provincia de Manabí
130851,Manta,Provincia de Manabí
130852,Manta,Provincia de Manabí
130901,Paján,Provincia de Manabí
130902,—,Provincia de Manabí
130903,—,Provincia de Manabí
130904,—,Provincia de Manabí
130905,—,Provincia de Manabí
130906,—,Provincia de Manabí
130951,Cantón Jaramijó,Provincia de Manabí
130952,Montecristi (Ecuador),Provincia de Manabí
131001,—,Provincia de Manabí
131002,—,Provincia de Manabí
131004,—,Provincia de Manabí
131005,—,Provincia de Manabí
131006,—,Provincia de Manabí
131007,—,Provincia de Manabí
131008,—,Provincia de Manabí
131009,—,Provincia de Manabí
131050,Paján,Provincia de Manabí
131051,Paján,Provincia de Manabí
131052,—,Provincia de Manabí
131053,—,Provincia de Manabí
131054,—,Provincia de Manabí
131102,—,Provincia de Manabí
131103,—,Provincia de Manabí
131104,—,Provincia de Manabí
131105,—,Provincia de Manabí
131106,—,Provincia de Manabí
131150,Pichincha,Provincia de Manabí
131201,Rocafuerte,Provincia de Manabí
131202,—,Provincia de Manabí
131203,—,Provincia de Manabí
131204,—,Provincia de Manabí
131205,Tosagua,Provincia de Manabí
131250,Rocafuerte,Provincia de Manabí
131301,Cantón Santa Ana (Ecuador),Provincia de Manabí
131351,Cantón Santa Ana (Ecuador),Provincia de Manabí
131352,Cantón Santa Ana (Ecuador),Provincia de Manabí
131353,Cantón Santa Ana (Ecuador),Provincia de Manabí
131354,Cantón Santa Ana (Ecuador),Provincia de Manabí
131355,—,Provincia de Manabí
131401,—,Provincia de Manabí
131402,—,Provincia de Manabí
131451,—,Provincia de Manabí
131452,—,Provincia de Manabí
131453,—,Provincia de Manabí
131454,Sucre,Provincia de Manabí
131455,Cantón Jama,Provincia de Manabí
131456,Cantón Pedernales,Provincia de Manabí
131457,—,Provincia de Manabí
131458,Cantón San Vicente,Provincia de Manabí
131550,Tosagua,Provincia de Manabí
131551,Tosagua,Provincia de Manabí
131552,Tosagua,Provincia de Manabí
131651,—,Provincia de Manabí
131652,—,Provincia de Manabí
131750,Cantón Pedernales,Provincia de Manabí
131751,Cantón Pedernales,Provincia de Manabí
131752,Sucre,Provincia de Manabí
131753,Cantón Pedernales,Provincia de Manabí
131850,—,Provincia de Manabí
131950,Puerto López,Provincia de Manabí
131951,—,Provincia de Manabí
131952,Salango,Provincia de Manabí
132050,Cantón Jama,Provincia de Manabí
132150,Cantón Jaramijó,Provincia de Manabí
132250,Cantón San Vicente,Provincia de Manabí
132251,Cantón San Vicente,Provincia de Manabí
900002,—,Provincia de Manabí
900003,—,Provincia de Manabí
140101,Macas (Ecuador),Provincia de Morona Santiago
140102,—,Provincia de Morona Santiago
140103,—,Provincia de Morona Santiago
140104,—,Provincia de Morona Santiago
140105,—,Provincia de Morona Santiago
140106,—,Provincia de Morona Santiago
140107,—,Provincia de Morona Santiago
140150,Macas (Ecuador),Provincia de Morona Santiago
140151,—,Provincia de Morona Santiago
140152,—,Provincia de Morona Santiago
140153,—,Provincia de Morona Santiago
140154,—,Provincia de Morona Santiago
140155,—,Provincia de Morona Santiago
140156,—,Provincia de Morona Santiago
140157,Macas (Ecuador),Provincia de Morona Santiago
140158,—,Provincia de Morona Santiago
140159,—,Provincia de Morona Santiago
140160,—,Provincia de Morona Santiago
140161,—,Provincia de Morona Santiago
140162,—,Provincia de Morona Santiago
140163,—,Provincia de Morona Santiago
140164,Gualaquiza,Provincia de Morona Santiago
140201,—,Provincia de Morona Santiago
140202,—,Provincia de Morona Santiago
140203,—,Provincia de Morona Santiago
140204,—,Provincia de Morona Santiago
140251,Gualaquiza,Provincia de Morona Santiago
140252,Gualaquiza,Provincia de Morona Santiago
140253,Gualaquiza,Provincia de Morona Santiago
140254,Gualaquiza,Provincia de Morona Santiago
140255,Gualaquiza,Provincia de Morona Santiago
140256,Gualaquiza,Provincia de Morona Santiago
140257,Gualaquiza,Provincia de Morona Santiago
140258,Gualaquiza,Provincia de Morona Santiago
140301,—,Provincia de Morona Santiago
140302,—,Provincia de Morona Santiago
140303,—,Provincia de Morona Santiago
140304,—,Provincia de Morona Santiago
140350,—,Provincia de Morona Santiago
140351,—,Provincia de Morona Santiago
140352,Cantón San Juan Bosco,Provincia de Morona Santiago
140353,—,Provincia de Morona Santiago
140354,—,Provincia de Morona Santiago
140355,Cantón San Juan Bosco,Provincia de Morona Santiago
140356,—,Provincia de Morona Santiago
140357,—,Provincia de Morona Santiago
140358,—,Provincia de Morona Santiago
140401,—,Provincia de Morona Santiago
140402,Cantón San Juan Bosco,Provincia de Morona Santiago
140403,—,Provincia de Morona Santiago
140404,—,Provincia de Morona Santiago
140405,—,Provincia de Morona Santiago
140406,—,Provincia de Morona Santiago
140407,—,Provincia de Morona Santiago
140450,Palora,Provincia de Morona Santiago
140451,Palora,Provincia de Morona Santiago
140452,Palora,Provincia de Morona Santiago
140453,—,Provincia de Morona Santiago
140454,Palora,Provincia de Morona Santiago
140455,Palora,Provincia de Morona Santiago
140501,—,Provincia de Morona Santiago
140502,—,Provincia de Morona Santiago
140503,—,Provincia de Morona Santiago
140550,—,Provincia de Morona Santiago
140551,—,Provincia de Morona Santiago
140552,—,Provincia de Morona Santiago
140553,—,Provincia de Morona Santiago
140554,—,Provincia de Morona Santiago
140555,Gualaquiza,Provincia de Morona Santiago
140556,—,Provincia de Morona Santiago
140557,—,Provincia de Morona Santiago
140601,—,Provincia de Morona Santiago
140602,—,Provincia de Morona Santiago
140603,—,Provincia de Morona Santiago
140604,—,Provincia de Morona Santiago
140605,—,Provincia de Morona Santiago
140606,—,Provincia de Morona Santiago
140650,Sucúa,Provincia de Morona Santiago
140651,Sucúa,Provincia de Morona Santiago
140652,Sucúa,Provincia de Morona Santiago
140653,Logroño de los Caballeros,Provincia de Morona Santiago
140654,Yaupi,Provincia de Morona Santiago
140655,Sucúa,Provincia de Morona Santiago
140750,—,Provincia de Morona Santiago
140751,—,Provincia de Morona Santiago
140850,Cantón San Juan Bosco,Provincia de Morona Santiago
140851,Cantón San Juan Bosco,Provincia de Morona Santiago
140852,Cantón San Juan Bosco,Provincia de Morona Santiago
140853,Cantón San Juan Bosco,Provincia de Morona Santiago
140854,Cantón San Juan Bosco,Provincia de Morona Santiago
140950,—,Provincia de Morona Santiago
140951,—,Provincia de Morona Santiago
140952,—,Provincia de Morona Santiago
140953,—,Provincia de Morona Santiago
141050,Logroño de los Caballeros,Provincia de Morona Santiago
141051,Yaupi,Provincia de Morona Santiago
141052,Logroño de los Caballeros,Provincia de Morona Santiago
141150,—,Provincia de Morona Santiago
141250,Gualaquiza,Provincia de Morona Santiago
141251,—,Provincia de Morona Santiago
190158,—,Provincia de Morona Santiago
150101,—,Provincia de Tungurahua
150103,—,Provincia de Tungurahua
150104,—,Provincia de Tungurahua
150105,—,Provincia de Tungurahua
150106,—,Provincia de Tungurahua
150107,—,Provincia de Tungurahua
150108,—,Provincia de Tungurahua
150109,—,Provincia de Tungurahua
150153,—,Provincia de Tungurahua
150156,—,Provincia de Tungurahua
150202,—,Provincia de Tungurahua
150203,—,Provincia de Tungurahua
150204,—,Provincia de Tungurahua
150206,—,Provincia de Tungurahua
150751,—,Provincia de Tungurahua
150752,—,Provincia de Tungurahua
150754,—,Provincia de Tungurahua
150756,—,Provincia de Tungurahua
180101,Ambato,Provincia de Tungurahua
180102,Ambato,Provincia de Tungurahua
180103,Ambato,Provincia de Tungurahua
180104,Ambato,Provincia de Tungurahua
180105,Ambato,Provincia de Tungurahua
180106,Ambato,Provincia de Tungurahua
180107,Ambato,Provincia de Tungurahua
180108,Ambato,Provincia de Tungurahua
180109,Ambato,Provincia de Tungurahua
180110,Ambato,Provincia de Tungurahua
180111,Ambato,Provincia de Tungurahua
180150,Ambato,Provincia de Tungurahua
180151,Ambato,Provincia de Tungurahua
180152,Ambato,Provincia de Tungurahua
180153,Ambato,Provincia de Tungurahua
180154,Ambato,Provincia de Tungurahua
180155,Ambato,Provincia de Tungurahua
180156,Ambato,Provincia de Tungurahua
180158,Ambato,Provincia de Tungurahua
180159,Ambato,Provincia de Tungurahua
180160,Ambato,Provincia de Tungurahua
180161,Ambato,Provincia de Tungurahua
180162,Ambato,Provincia de Tungurahua
180163,Ambato,Provincia de Tungurahua
180164,Ambato,Provincia de Tungurahua
180165,Ambato,Provincia de Tungurahua
180166,Ambato,Provincia de Tungurahua
180167,Ambato,Provincia de Tungurahua
180168,Ambato,Provincia de Tungurahua
180201,Ambato,Provincia de Tungurahua
180202,Ambato,Provincia de Tungurahua
180203,Ambato,Provincia de Tungurahua
180204,Ambato,Provincia de Tungurahua
180205,Ambato,Provincia de Tungurahua
180206,Ambato,Provincia de Tungurahua
180207,Ambato,Provincia de Tungurahua
180208,Ambato,Provincia de Tungurahua
180209,Ambato,Provincia de Tungurahua
180210,Ambato,Provincia de Tungurahua
180211,Ambato,Provincia de Tungurahua
180212,Ambato,Provincia de Tungurahua
180213,Ambato,Provincia de Tungurahua
180214,Ambato,Provincia de Tungurahua
180215,Ambato,Provincia de Tungurahua
180250,Baños (Ecuador),Provincia de Tungurahua
180253,Cascada de Agoyán,Provincia de Tungurahua
180350,Cevallos,Provincia de Tungurahua
180402,Pelileo,Provincia de Tungurahua
180403,Patate,Provincia de Tungurahua
180450,Mocha (Ecuador),Provincia de Tungurahua
180451,Mocha (Ecuador),Provincia de Tungurahua
180501,Píllaro,Provincia de Tungurahua
180550,Patate,Provincia de Tungurahua
180603,Mocha (Ecuador),Provincia de Tungurahua
180604,Tisaleo,Provincia de Tungurahua
180650,Quero,Provincia de Tungurahua
180651,Quero,Provincia de Tungurahua
180652,Mocha (Ecuador),Provincia de Tungurahua
180701,Pelileo,Provincia de Tungurahua
180758,Salasaca,Provincia de Tungurahua
180801,Píllaro,Provincia de Tungurahua
180802,Píllaro,Provincia de Tungurahua
180853,Píllaro,Provincia de Tungurahua
180854,Píllaro,Provincia de Tungurahua
180855,Píllaro,Provincia de Tungurahua
180857,Píllaro,Provincia de Tungurahua
180950,Tisaleo,Provincia de Tungurahua
150102,Archidona (Ecuador),Provincia de Napo
150150,Tena (Ecuador),Provincia de Napo
150151,Ahuano,Provincia de Napo
150152,Carlos Julio Arosemena Tola,Provincia de Napo
150154,Tena (Ecuador),Provincia de Napo
150155,Tena (Ecuador),Provincia de Napo
150157,Tena (Ecuador),Provincia de Napo
150201,El Chaco,Provincia de Napo
150205,Papallacta,Provincia de Napo
150350,Archidona (Ecuador),Provincia de Napo
150352,Archidona (Ecuador),Provincia de Napo
150354,Archidona (Ecuador),Provincia de Napo
150450,El Chaco,Provincia de Napo
150451,El Chaco,Provincia de Napo
150452,El Chaco,Provincia de Napo
150453,El Chaco,Provincia de Napo
150454,El Chaco,Provincia de Napo
150455,El Chaco,Provincia de Napo
150750,Baeza,Provincia de Napo
150753,Papallacta,Provincia de Napo
150950,Carlos Julio Arosemena Tola,Provincia de Napo
180157,—,Provincia de Napo
180251,—,Provincia de Napo
180252,—,Provincia de Napo
180254,—,Provincia de Napo
180301,—,Provincia de Napo
180302,—,Provincia de Napo
180401,—,Provincia de Napo
180404,—,Provincia de Napo
180405,—,Provincia de Napo
180406,—,Provincia de Napo
180502,—,Provincia de Napo
180503,—,Provincia de Napo
180551,—,Provincia de Napo
180552,—,Provincia de Napo
180553,—,Provincia de Napo
180601,—,Provincia de Napo
180602,—,Provincia de Napo
180751,—,Provincia de Napo
180753,—,Provincia de Napo
180755,—,Provincia de Napo
180757,—,Provincia de Napo
180851,—,Provincia de Napo
180856,—,Provincia de Napo
180951,—,Provincia de Napo
150254,—,Provincia de Orellana
150351,—,Provincia de Orellana
150353,Cantón Loreto,Provincia de Orellana
150755,—,Provincia de Orellana
210453,—,Provincia de Orellana
220101,Cantón La Joya de los Sachas,Provincia de Orellana
220102,—,Provincia de Orellana
220103,—,Provincia de Orellana
220104,—,Provincia de Orellana
220150,Boca Suno,Provincia de Orellana
220151,—,Provincia de Orellana
220152,—,Provincia de Orellana
220201,—,Provincia de Orellana
220202,Puerto Francisco de Orellana,Provincia de Orellana
220203,—,Provincia de Orellana
220204,—,Provincia de Orellana
220205,—,Provincia de Orellana
220206,—,Provincia de Orellana
220207,—,Provincia de Orellana
220208,—,Provincia de Orellana
220209,Cantón Loreto,Provincia de Orellana
220210,—,Provincia de Orellana
220211,—,Provincia de Orellana
220250,Nuevo Rocafuerte,Provincia de Orellana
220251,—,Provincia de Orellana
220253,—,Provincia de Orellana
220254,—,Provincia de Orellana
220301,—,Provincia de Orellana
220302,—,Provincia de Orellana
220303,—,Provincia de Orellana
220350,Cantón La Joya de los Sachas,Provincia de Orellana
220351,—,Provincia de Orellana
220352,—,Provincia de Orellana
220353,—,Provincia de Orellana
220354,—,Provincia de Orellana
220355,—,Provincia de Orellana
220450,Cantón Loreto,Provincia de Orellana
220451,—,Provincia de Orellana
220452,—,Provincia de Orellana
220453,—,Provincia de Orellana
220454,—,Provincia de Orellana
220455,—,Provincia de Orellana
160101,Puyo,Provincia de Pastaza
160102,Puyo,Provincia de Pastaza
160103,—,Provincia de Pastaza
160104,—,Provincia de Pastaza
160105,—,Provincia de Pastaza
160106,—,Provincia de Pastaza
160107,—,Provincia de Pastaza
160108,—,Provincia de Pastaza
160109,—,Provincia de Pastaza
160110,—,Provincia de Pastaza
160111,—,Provincia de Pastaza
160112,—,Provincia de Pastaza
160150,Puyo,Provincia de Pastaza
160151,Arajuno,Provincia de Pastaza
160152,Canelos,Provincia de Pastaza
160153,—,Provincia de Pastaza
160154,—,Provincia de Pastaza
160155,—,Provincia de Pastaza
160156,—,Provincia de Pastaza
160157,—,Provincia de Pastaza
160158,—,Provincia de Pastaza
160159,—,Provincia de Pastaza
160160,—,Provincia de Pastaza
160161,Sarayacu,Provincia de Pastaza
160162,—,Provincia de Pastaza
160163,—,Provincia de Pastaza
160164,—,Provincia de Pastaza
160165,—,Provincia de Pastaza
160166,—,Provincia de Pastaza
160201,Arajuno,Provincia de Pastaza
160202,—,Provincia de Pastaza
160250,Shell,Provincia de Pastaza
160251,Shell,Provincia de Pastaza
160252,Shell,Provincia de Pastaza
160350,—,Provincia de Pastaza
160351,—,Provincia de Pastaza
160450,Arajuno,Provincia de Pastaza
160451,—,Provincia de Pastaza
210153,—,Provincia de Pastaza
210156,—,Provincia de Pastaza
210159,—,Provincia de Pastaza
220252,—,Provincia de Pastaza
20158,—,Provincia de Pichincha
20352,—,Provincia de Pichincha
20555,—,Provincia de Pichincha
20650,—,Provincia de Pichincha
40160,—,Provincia de Pichincha
40352,—,Provincia de Pichincha
40453,—,Provincia de Pichincha
40501,—,Provincia de Pichincha
40554,—,Provincia de Pichincha
40651,—,Provincia de Pichincha
50455,Guápulo,Provincia de Pichincha
50550,Guápulo,Provincia de Pichincha
70252,—,Provincia de Pichincha
70705,—,Provincia de Pichincha
71451,—,Provincia de Pichincha
80553,Calderón (parroquia),Provincia de Pichincha
100254,—,Provincia de Pichincha
100402,—,Provincia de Pichincha
100453,—,Provincia de Pichincha
100457,—,Provincia de Pichincha
100654,—,Provincia de Pichincha
110654,—,Provincia de Pichincha
131152,—,Provincia de Pichincha
170101,—,Provincia de Pichincha
170102,—,Provincia de Pichincha
170103,Quito,Provincia de Pichincha
170104,Quito,Provincia de Pichincha
170105,—,Provincia de Pichincha
170106,Quito,Provincia de Pichincha
170107,Quito,Provincia de Pichincha
170108,Guápulo,Provincia de Pichincha
170109,Quito,Provincia de Pichincha
170110,Quito,Provincia de Pichincha
170111,Quito,Provincia de Pichincha
170112,Quito,Provincia de Pichincha
170113,Quito,Provincia de Pichincha
170114,Quito,Provincia de Pichincha
170115,Quito,Provincia de Pichincha
170116,Quito,Provincia de Pichincha
170117,Quito,Provincia de Pichincha
170118,Quito,Provincia de Pichincha
170119,Quito,Provincia de Pichincha
170120,Quito,Provincia de Pichincha
170121,Quito,Provincia de Pichincha
170122,Quito,Provincia de Pichincha
170123,Quito,Provincia de Pichincha
170124,Quito,Provincia de Pichincha
170125,Quito,Provincia de Pichincha
170126,Quito,Provincia de Pichincha
170127,Quito,Provincia de Pichincha
170128,Quito,Provincia de Pichincha
170129,Quito,Provincia de Pichincha
170130,Quito,Provincia de Pichincha
170131,Quito,Provincia de Pichincha
170132,Quito,Provincia de Pichincha
170133,Quito,Provincia de Pichincha
170134,Quito,Provincia de Pichincha
170135,Quito,Provincia de Pichincha
170136,Quito,Provincia de Pichincha
170137,Quito,Provincia de Pichincha
170138,Quito,Provincia de Pichincha
170139,Quito,Provincia de Pichincha
170140,Quito,Provincia de Pichincha
170141,Quito,Provincia de Pichincha
170142,Quito,Provincia de Pichincha
170143,Quito,Provincia de Pichincha
170144,Quito,Provincia de Pichincha
170145,Quito,Provincia de Pichincha
170146,Quito,Provincia de Pichincha
170147,Quito,Provincia de Pichincha
170148,Quito,Provincia de Pichincha
170149,Quito,Provincia de Pichincha
170150,Quito,Provincia de Pichincha
170151,Quito,Provincia de Pichincha
170152,—,Provincia de Pichincha
170153,Quito,Provincia de Pichincha
170154,Quito,Provincia de Pichincha
170155,Calderón (parroquia),Provincia de Pichincha
170156,Quito,Provincia de Pichincha
170157,Quito,Provincia de Pichincha
170158,—,Provincia de Pichincha
170159,Quito,Provincia de Pichincha
170160,Quito,Provincia de Pichincha
170161,—,Provincia de Pichincha
170162,—,Provincia de Pichincha
170163,Guayllabamba,Provincia de Pichincha
170164,Quito,Provincia de Pichincha
170165,Calderón (parroquia),Provincia de Pichincha
170166,Lloa,Provincia de Pichincha
170167,Mindo,Provincia de Pichincha
170168,—,Provincia de Pichincha
170169,—,Provincia de Pichincha
170170,Quito,Provincia de Pichincha
170171,Nono (parroquia),Provincia de Pichincha
170172,—,Provincia de Pichincha
170173,—,Provincia de Pichincha
170174,Quito,Provincia de Pichincha
170175,Quito,Provincia de Pichincha
170176,Quito,Provincia de Pichincha
170177,—,Provincia de Pichincha
170178,Quito,Provincia de Pichincha
170179,—,Provincia de Pichincha
170180,San Antonio,Provincia de Pichincha
170181,Quito,Provincia de Pichincha
170182,Puerto Quito,Provincia de Pichincha
170183,Quito,Provincia de Pichincha
170184,Quito,Provincia de Pichincha
170185,Quito,Provincia de Pichincha
170186,Quito,Provincia de Pichincha
170201,Quito,Provincia de Pichincha
170202,Quito,Provincia de Pichincha
170203,Quito,Provincia de Pichincha
170204,Quito,Provincia de Pichincha
170205,Quito,Provincia de Pichincha
170206,Quito,Provincia de Pichincha
170207,Calderón (parroquia),Provincia de Pichincha
170208,Quito,Provincia de Pichincha
170209,Quito,Provincia de Pichincha
170251,Cayambe (ciudad),Provincia de Pichincha
170252,Quito,Provincia de Pichincha
170253,Cayambe (ciudad),Provincia de Pichincha
170254,Quito,Provincia de Pichincha
170255,Cayambe (ciudad),Provincia de Pichincha
170301,Quito,Provincia de Pichincha
170302,Quito,Provincia de Pichincha
170303,Quito,Provincia de Pichincha
170304,Quito,Provincia de Pichincha
170305,Quito,Provincia de Pichincha
170306,Quito,Provincia de Pichincha
170307,Quito,Provincia de Pichincha
170308,Quito,Provincia de Pichincha
170309,Quito,Provincia de Pichincha
170310,Quito,Provincia de Pichincha
170311,Quito,Provincia de Pichincha
170312,Quito,Provincia de Pichincha
170313,Quito,Provincia de Pichincha
170314,—,Provincia de Pichincha
170315,—,Provincia de Pichincha
170316,—,Provincia de Pichincha
170350,Machachi,Provincia de Pichincha
170351,—,Provincia de Pichincha
170352,Machachi,Provincia de Pichincha
170353,—,Provincia de Pichincha
170354,—,Provincia de Pichincha
170355,—,Provincia de Pichincha
170356,—,Provincia de Pichincha
170357,—,Provincia de Pichincha
170401,Quito,Provincia de Pichincha
170402,Quito,Provincia de Pichincha
170403,Quito,Provincia de Pichincha
170404,Quito,Provincia de Pichincha
170405,Quito,Provincia de Pichincha
170406,Quito,Provincia de Pichincha
170407,Quito,Provincia de Pichincha
170408,Quito,Provincia de Pichincha
170409,Quito,Provincia de Pichincha
170410,Quito,Provincia de Pichincha
170411,Quito,Provincia de Pichincha
170450,—,Provincia de Pichincha
170451,—,Provincia de Pichincha
170452,—,Provincia de Pichincha
170453,Quito,Provincia de Pichincha
170454,—,Provincia de Pichincha
170501,Quito,Provincia de Pichincha
170502,Quito,Provincia de Pichincha
170503,Quito,Provincia de Pichincha
170504,Quito,Provincia de Pichincha
170505,Quito,Provincia de Pichincha
170506,Quito,Provincia de Pichincha
170507,Quito,Provincia de Pichincha
170508,Quito,Provincia de Pichincha
170509,Quito,Provincia de Pichincha
170510,Quito,Provincia de Pichincha
170511,Quito,Provincia de Pichincha
170512,Quito,Provincia de Pichincha
170513,Quito,Provincia de Pichincha
170514,Quito,Provincia de Pichincha
170515,Quito,Provincia de Pichincha
170516,Quito,Provincia de Pichincha
170517,Quito,Provincia de Pichincha
170518,Quito,Provincia de Pichincha
170519,Quito,Provincia de Pichincha
170520,Quito,Provincia de Pichincha
170521,Quito,Provincia de Pichincha
170522,Quito,Provincia de Pichincha
170523,Quito,Provincia de Pichincha
170524,Quito,Provincia de Pichincha
170525,Quito,Provincia de Pichincha
170526,Quito,Provincia de Pichincha
170527,Quito,Provincia de Pichincha
170528,Quito,Provincia de Pichincha
170529,Quito,Provincia de Pichincha
170530,Quito,Provincia de Pichincha
170551,—,Provincia de Pichincha
170552,—,Provincia de Pichincha
170601,Quito,Provincia de Pichincha
170602,Quito,Provincia de Pichincha
170603,Quito,Provincia de Pichincha
170604,Quito,Provincia de Pichincha
170605,Quito,Provincia de Pichincha
170606,Quito,Provincia de Pichincha
170607,Quito,Provincia de Pichincha
170608,Quito,Provincia de Pichincha
170609,Quito,Provincia de Pichincha
170610,Quito,Provincia de Pichincha
170611,Quito,Provincia de Pichincha
170701,Quito,Provincia de Pichincha
170702,Quito,Provincia de Pichincha
170703,Quito,Provincia de Pichincha
170704,Quito,Provincia de Pichincha
170705,Quito,Provincia de Pichincha
170706,Quito,Provincia de Pichincha
170707,Quito,Provincia de Pichincha
170708,Quito,Provincia de Pichincha
170709,Quito,Provincia de Pichincha
170710,Quito,Provincia de Pichincha
170711,Quito,Provincia de Pichincha
170712,Quito,Provincia de Pichincha
170750,—,Provincia de Pichincha
170751,Mindo,Provincia de Pichincha
170752,—,Provincia de Pichincha
170753,Puerto Quito,Provincia de Pichincha
170801,Quito,Provincia de Pichincha
170802,Quito,Provincia de Pichincha
170803,Quito,Provincia de Pichincha
170804,Quito,Provincia de Pichincha
170805,Quito,Provincia de Pichincha
170806,Quito,Provincia de Pichincha
170807,Quito,Provincia de Pichincha
170808,Quito,Provincia de Pichincha
170809,Quito,Provincia de Pichincha
170810,Quito,Provincia de Pichincha
170811,Quito,Provincia de Pichincha
170812,Quito,Provincia de Pichincha
170813,Quito,Provincia de Pichincha
170814,Quito,Provincia de Pichincha
170850,—,Provincia de Pichincha
170901,Quito,Provincia de Pichincha
170902,Quito,Provincia de Pichincha
170903,—,Provincia de Pichincha
170904,Quito,Provincia de Pichincha
170905,Quito,Provincia de Pichincha
170906,Quito,Provincia de Pichincha
170907,Quito,Provincia de Pichincha
170908,Quito,Provincia de Pichincha
170909,Quito,Provincia de Pichincha
170910,Quito,Provincia de Pichincha
170911,Quito,Provincia de Pichincha
170950,Puerto Quito,Provincia de Pichincha
171001,Cayambe (ciudad),Provincia de Pichincha
171002,Cayambe (ciudad),Provincia de Pichincha
171003,Cayambe (ciudad),Provincia de Pichincha
171004,—,Provincia de Pichincha
171005,—,Provincia de Pichincha
171006,—,Provincia de Pichincha
171007,—,Provincia de Pichincha
171008,—,Provincia de Pichincha
171009,—,Provincia de Pichincha
171010,—,Provincia de Pichincha
171011,—,Provincia de Pichincha
171101,Sangolquí,Provincia de Pichincha
171102,Sangolquí,Provincia de Pichincha
171103,Sangolquí,Provincia de Pichincha
171104,Sangolquí,Provincia de Pichincha
171105,—,Provincia de Pichincha
171106,—,Provincia de Pichincha
171107,—,Provincia de Pichincha
171108,—,Provincia de Pichincha
171109,—,Provincia de Pichincha
171110,—,Provincia de Pichincha
171111,—,Provincia de Pichincha
171112,—,Provincia de Pichincha
171113,—,Provincia de Pichincha
171114,—,Provincia de Pichincha
171201,—,Provincia de Pichincha
171202,—,Provincia de Pichincha
171203,—,Provincia de Pichincha
171204,—,Provincia de Pichincha
240350,Lloa,Provincia de Pichincha
241501,Lloa,Provincia de Pichincha
241502,Lloa,Provincia de Pichincha
241503,Lloa,Provincia de Pichincha
241504,Lloa,Provincia de Pichincha
241551,Lloa,Provincia de Pichincha
241552,Lloa,Provincia de Pichincha
241553,Lloa,Provincia de Pichincha
241755,Lloa,Provincia de Pichincha
190101,—,Provincia de Zamora Chinchipe
190102,Zamora (Ecuador),Provincia de Zamora Chinchipe
190103,—,Provincia de Zamora Chinchipe
190104,—,Provincia de Zamora Chinchipe
190105,—,Provincia de Zamora Chinchipe
190106,—,Provincia de Zamora Chinchipe
190107,—,Provincia de Zamora Chinchipe
190108,—,Provincia de Zamora Chinchipe
190109,—,Provincia de Zamora Chinchipe
190151,—,Provincia de Zamora Chinchipe
190152,Zamora (Ecuador),Provincia de Zamora Chinchipe
190153,Zamora (Ecuador),Provincia de Zamora Chinchipe
190154,—,Provincia de Zamora Chinchipe
190155,Zamora (Ecuador),Provincia de Zamora Chinchipe
190156,Zamora (Ecuador),Provincia de Zamora Chinchipe
190157,—,Provincia de Zamora Chinchipe
190201,—,Provincia de Zamora Chinchipe
190202,—,Provincia de Zamora Chinchipe
190203,—,Provincia de Zamora Chinchipe
190204,—,Provincia de Zamora Chinchipe
190205,—,Provincia de Zamora Chinchipe
190206,—,Provincia de Zamora Chinchipe
190250,—,Provincia de Zamora Chinchipe
190251,—,Provincia de Zamora Chinchipe
190252,—,Provincia de Zamora Chinchipe
190253,—,Provincia de Zamora Chinchipe
190254,—,Provincia de Zamora Chinchipe
190255,—,Provincia de Zamora Chinchipe
190256,—,Provincia de Zamora Chinchipe
190257,—,Provincia de Zamora Chinchipe
190258,—,Provincia de Zamora Chinchipe
190259,—,Provincia de Zamora Chinchipe
190301,—,Provincia de Zamora Chinchipe
190302,—,Provincia de Zamora Chinchipe
190303,—,Provincia de Zamora Chinchipe
190304,—,Provincia de Zamora Chinchipe
190305,—,Provincia de Zamora Chinchipe
190306,—,Provincia de Zamora Chinchipe
190307,—,Provincia de Zamora Chinchipe
190350,—,Provincia de Zamora Chinchipe
190401,Cantón El Pangui,Provincia de Zamora Chinchipe
190402,—,Provincia de Zamora Chinchipe
190403,—,Provincia de Zamora Chinchipe
190404,—,Provincia de Zamora Chinchipe
190450,—,Provincia de Zamora Chinchipe
190451,—,Provincia de Zamora Chinchipe
190452,—,Provincia de Zamora Chinchipe
190550,Yantzaza,Provincia de Zamora Chinchipe
190551,Yantzaza,Provincia de Zamora Chinchipe
190552,Cantón El Pangui,Provincia de Zamora Chinchipe
190553,Yantzaza,Provincia de Zamora Chinchipe
190650,Cantón El Pangui,Provincia de Zamora Chinchipe
190651,Cantón El Pangui,Provincia de Zamora Chinchipe
190652,—,Provincia de Zamora Chinchipe
190653,Cantón El Pangui,Provincia de Zamora Chinchipe
190750,—,Provincia de Zamora Chinchipe
190850,—,Provincia de Zamora Chinchipe
190851,—,Provincia de Zamora Chinchipe
190852,—,Provincia de Zamora Chinchipe
190853,—,Provincia de Zamora Chinchipe
200102,Puerto Ayora,Provincia de Galápagos
200103,Puerto Villamil,Provincia de Galápagos
200104,—,Provincia de Galápagos
200150,Puerto Baquerizo Moreno,Provincia de Galápagos
200151,—,Provincia de Galápagos
200152,—,Provincia de Galápagos
200250,Puerto Villamil,Provincia de Galápagos
200251,—,Provincia de Galápagos
200252,—,Provincia de Galápagos
200253,Puerto Ayora,Provincia de Galápagos
200254,—,Provincia de Galápagos
200350,Puerto Ayora,Provincia de Galápagos
200351,—,Provincia de Galápagos
200352,—,Provincia de Galápagos
200353,—,Provincia de Galápagos
200354,—,Provincia de Galápagos
200357,—,Provincia de Galápagos
200358,—,Provincia de Galápagos
210101,—,Provincia de Sucumbíos
210102,—,Provincia de Sucumbíos
210103,—,Provincia de Sucumbíos
210150,Nueva Loja,Provincia de Sucumbíos
210151,—,Provincia de Sucumbíos
210152,—,Provincia de Sucumbíos
210154,Tarapoa,Provincia de Sucumbíos
210155,—,Provincia de Sucumbíos
210157,—,Provincia de Sucumbíos
210158,—,Provincia de Sucumbíos
210201,—,Provincia de Sucumbíos
210202,—,Provincia de Sucumbíos
210203,—,Provincia de Sucumbíos
210204,—,Provincia de Sucumbíos
210205,—,Provincia de Sucumbíos
210206,—,Provincia de Sucumbíos
210207,—,Provincia de Sucumbíos
210208,—,Provincia de Sucumbíos
210250,—,Provincia de Sucumbíos
210251,—,Provincia de Sucumbíos
210252,Cantón Gonzalo Pizarro,Provincia de Sucumbíos
210253,—,Provincia de Sucumbíos
210254,—,Provincia de Sucumbíos
210255,Santa Rosa de Yanamaru,Provincia de Sucumbíos
210301,—,Provincia de Sucumbíos
210302,—,Provincia de Sucumbíos
210303,—,Provincia de Sucumbíos
210304,—,Provincia de Sucumbíos
210305,—,Provincia de Sucumbíos
210306,—,Provincia de Sucumbíos
210350,—,Provincia de Sucumbíos
210351,—,Provincia de Sucumbíos
210352,—,Provincia de Sucumbíos
210353,—,Provincia de Sucumbíos
210354,—,Provincia de Sucumbíos
210401,Cantón Shushufindi,Provincia de Sucumbíos
210402,—,Provincia de Sucumbíos
210403,—,Provincia de Sucumbíos
210404,—,Provincia de Sucumbíos
210450,Cantón Shushufindi,Provincia de Sucumbíos
210451,Cantón Shushufindi,Provincia de Sucumbíos
210452,—,Provincia de Sucumbíos
210454,—,Provincia de Sucumbíos
210455,Cantón Shushufindi,Provincia de Sucumbíos
210552,—,Provincia de Sucumbíos
210553,—,Provincia de Sucumbíos
210554,—,Provincia de Sucumbíos
210651,Santa Rosa de Yanamaru,Provincia de Sucumbíos
210652,—,Provincia de Sucumbíos
210750,Tarapoa,Provincia de Sucumbíos
210751,—,Provincia de Sucumbíos
210752,—,Provincia de Sucumbíos
80410,—,Provincia de Santo Domingo de los Tsáchilas
80411,—,Provincia de Santo Domingo de los Tsáchilas
80702,—,Provincia de Santo Domingo de los Tsáchilas
80703,—,Provincia de Santo Domingo de los Tsáchilas
230101,Santo Domingo (Ecuador),Provincia de Santo Domingo de los Tsáchilas
230102,Santo Domingo (Ecuador),Provincia de Santo Domingo de los Tsáchilas
230103,Santo Domingo (Ecuador),Provincia de Santo Domingo de los Tsáchilas
230104,Santo Domingo (Ecuador),Provincia de Santo Domingo de los Tsáchilas
230105,Santo Domingo (Ecuador),Provincia de Santo Domingo de los Tsáchilas
230106,Santo Domingo (Ecuador),Provincia de Santo Domingo de los Tsáchilas
230107,Santo Domingo (Ecuador),Provincia de Santo Domingo de los Tsáchilas
230108,Santo Domingo (Ecuador),Provincia de Santo Domingo de los Tsáchilas
230109,Santo Domingo (Ecuador),Provincia de Santo Domingo de los Tsáchilas
230110,—,Provincia de Santo Domingo de los Tsáchilas
230111,—,Provincia de Santo Domingo de los Tsáchilas
230112,—,Provincia de Santo Domingo de los Tsáchilas
230113,—,Provincia de Santo Domingo de los Tsáchilas
230114,—,Provincia de Santo Domingo de los Tsáchilas
230115,—,Provincia de Santo Domingo de los Tsáchilas
230116,—,Provincia de Santo Domingo de los Tsáchilas
230117,—,Provincia de Santo Domingo de los Tsáchilas
230118,—,Provincia de Santo Domingo de los Tsáchilas
230119,—,Provincia de Santo Domingo de los Tsáchilas
230151,Santo Domingo (Ecuador),Provincia de Santo Domingo de los Tsáchilas
230152,Santo Domingo (Ecuador),Provincia de Santo Domingo de los Tsáchilas
230153,Santo Domingo (Ecuador),Provincia de Santo Domingo de los Tsáchilas
230154,Santo Domingo (Ecuador),Provincia de Santo Domingo de los Tsáchilas
230155,Santo Domingo (Ecuador),Provincia de Santo Domingo de los Tsáchilas
230201,Santo Domingo (Ecuador),Provincia de Santo Domingo de los Tsáchilas
230202,Santo Domingo (Ecuador),Provincia de Santo Domingo de los Tsáchilas
230203,Santo Domingo (Ecuador),Provincia de Santo Domingo de los Tsáchilas
230204,Santo Domingo (Ecuador),Provincia de Santo Domingo de los Tsáchilas
230205,Santo Domingo (Ecuador),Provincia de Santo Domingo de los Tsáchilas
230206,—,Provincia de Santo Domingo de los Tsáchilas
230207,—,Provincia de Santo Domingo de los Tsáchilas
230208,—,Provincia de Santo Domingo de los Tsáchilas
230209,—,Provincia de Santo Domingo de los Tsáchilas
230210,—,Provincia de Santo Domingo de los Tsáchilas
230211,—,Provincia de Santo Domingo de los Tsáchilas
230212,—,Provincia de Santo Domingo de los Tsáchilas
230213,—,Provincia de Santo Domingo de los Tsáchilas
230214,—,Provincia de Santo Domingo de los Tsáchilas
92050,Salinas (Ecuador),Provincia de Santa Elena
92054,—,Provincia de Santa Elena
92250,—,Provincia de Santa Elena
240101,—,Provincia de Santa Elena
240102,Santa Elena (Ecuador),Provincia de Santa Elena
240103,—,Provincia de Santa Elena
240104,—,Provincia de Santa Elena
240105,—,Provincia de Santa Elena
240106,—,Provincia de Santa Elena
240107,—,Provincia de Santa Elena
240108,—,Provincia de Santa Elena
240109,—,Provincia de Santa Elena
240110,—,Provincia de Santa Elena
240111,—,Provincia de Santa Elena
240203,—,Provincia de Santa Elena
240204,—,Provincia de Santa Elena
240206,—,Provincia de Santa Elena
240207,—,Provincia de Santa Elena
240208,—,Provincia de Santa Elena
240209,Salinas (Ecuador),Provincia de Santa Elena
241550,Salinas (Ecuador),Provincia de Santa Elena
